scenario_id,method,acc_n_success,acc_x_bias_m,acc_y_bias_m,acc_z_bias_m,acc_x_mae_m,acc_y_mae_m,acc_z_mae_m,acc_x_rmse_m,acc_y_rmse_m,acc_z_rmse_m,acc_x_std_m,acc_y_std_m,acc_z_std_m,acc_horizontal_mae_m,acc_horizontal_rmse_m,acc_horizontal_p50_m,acc_horizontal_p68_m,acc_horizontal_p90_m,acc_horizontal_p95_m,acc_horizontal_p99_m,acc_horizontal_max_m,acc_cep50_m,acc_cep95_m,acc_vertical_mae_m,acc_vertical_rmse_m,acc_vertical_p50_m,acc_vertical_p68_m,acc_vertical_p90_m,acc_vertical_p95_m,acc_vertical_p99_m,acc_vertical_max_m,acc_error_3d_mae_m,acc_error_3d_rmse_m,acc_error_3d_std_m,acc_error_3d_p50_m,acc_error_3d_p68_m,acc_error_3d_p75_m,acc_error_3d_p90_m,acc_error_3d_p95_m,acc_error_3d_p99_m,acc_error_3d_max_m,acc_sep50_m,acc_sep95_m,acc_error_ellipsoid_volume_m3
scenario-000000,UWB_SS_TWR,100,0.005008042591321034,-0.002003826600697396,0.18786144157992457,0.10586775611449431,0.10894361822980583,0.4479512283118963,0.1393046803333196,0.1429493753130873,0.5652962862202283,0.13921463095584413,0.14293533006697895,0.5331678628554941,0.17030519214944523,0.19960039545344155,0.14403032767470342,0.22002874108245166,0.30267711138241443,0.37165763879658326,0.45332996782877966,0.45565170830118484,0.14403032767470342,0.37165763879658326,0.4479512283118963,0.5652962862202283,0.35030916735727624,0.5126290987636243,0.829132127977065,1.103156896007801,1.6164229418839295,1.8412694966360812,0.500717973777142,0.5994999658711855,0.3296691065539293,0.4183225210707866,0.5675374113588275,0.6493207336017326,0.872368823938899,1.1050515210268181,1.6445044853337545,1.8782985539181154,0.4183225210707866,1.1050515210268181,0.04467183669815267
scenario-000001,UWB_SS_TWR,100,0.005008042591321034,-0.002003826600697396,0.18786144157992457,0.10586775611449431,0.10894361822980583,0.4479512283118963,0.1393046803333196,0.1429493753130873,0.5652962862202283,0.13921463095584413,0.14293533006697895,0.5331678628554941,0.17030519214944523,0.19960039545344155,0.14403032767470342,0.22002874108245166,0.30267711138241443,0.37165763879658326,0.45332996782877966,0.45565170830118484,0.14403032767470342,0.37165763879658326,0.4479512283118963,0.5652962862202283,0.35030916735727624,0.5126290987636243,0.829132127977065,1.103156896007801,1.6164229418839295,1.8412694966360812,0.500717973777142,0.5994999658711855,0.3296691065539293,0.4183225210707866,0.5675374113588275,0.6493207336017326,0.872368823938899,1.1050515210268181,1.6445044853337545,1.8782985539181154,0.4183225210707866,1.1050515210268181,0.04467183669815267
scenario-000002,UWB_SS_TWR,100,0.005008042591321034,-0.002003826600697396,0.18786144157992457,0.10586775611449431,0.10894361822980583,0.4479512283118963,0.1393046803333196,0.1429493753130873,0.5652962862202283,0.13921463095584413,0.14293533006697895,0.5331678628554941,0.17030519214944523,0.19960039545344155,0.14403032767470342,0.22002874108245166,0.30267711138241443,0.37165763879658326,0.45332996782877966,0.45565170830118484,0.14403032767470342,0.37165763879658326,0.4479512283118963,0.5652962862202283,0.35030916735727624,0.5126290987636243,0.829132127977065,1.103156896007801,1.6164229418839295,1.8412694966360812,0.500717973777142,0.5994999658711855,0.3296691065539293,0.4183225210707866,0.5675374113588275,0.6493207336017326,0.872368823938899,1.1050515210268181,1.6445044853337545,1.8782985539181154,0.4183225210707866,1.1050515210268181,0.04467183669815267
scenario-000003,UWB_SS_TWR,100,0.005008042591321034,-0.002003826600697396,0.18786144157992457,0.10586775611449431,0.10894361822980583,0.4479512283118963,0.1393046803333196,0.1429493753130873,0.5652962862202283,0.13921463095584413,0.14293533006697895,0.5331678628554941,0.17030519214944523,0.19960039545344155,0.14403032767470342,0.22002874108245166,0.30267711138241443,0.37165763879658326,0.45332996782877966,0.45565170830118484,0.14403032767470342,0.37165763879658326,0.4479512283118963,0.5652962862202283,0.35030916735727624,0.5126290987636243,0.829132127977065,1.103156896007801,1.6164229418839295,1.8412694966360812,0.500717973777142,0.5994999658711855,0.3296691065539293,0.4183225210707866,0.5675374113588275,0.6493207336017326,0.872368823938899,1.1050515210268181,1.6445044853337545,1.8782985539181154,0.4183225210707866,1.1050515210268181,0.04467183669815267
scenario-000004,UWB_DS_TWR,100,0.005008042591321034,-0.002003826600697396,0.18786144157992457,0.10586775611449431,0.10894361822980583,0.4479512283118963,0.1393046803333196,0.1429493753130873,0.5652962862202283,0.13921463095584413,0.14293533006697895,0.5331678628554941,0.17030519214944523,0.19960039545344155,0.14403032767470342,0.22002874108245166,0.30267711138241443,0.37165763879658326,0.45332996782877966,0.45565170830118484,0.14403032767470342,0.37165763879658326,0.4479512283118963,0.5652962862202283,0.35030916735727624,0.5126290987636243,0.829132127977065,1.103156896007801,1.6164229418839295,1.8412694966360812,0.500717973777142,0.5994999658711855,0.3296691065539293,0.4183225210707866,0.5675374113588275,0.6493207336017326,0.872368823938899,1.1050515210268181,1.6445044853337545,1.8782985539181154,0.4183225210707866,1.1050515210268181,0.04467183669815267
scenario-000005,UWB_DS_TWR,100,0.005008042591321034,-0.002003826600697396,0.18786144157992457,0.10586775611449431,0.10894361822980583,0.4479512283118963,0.1393046803333196,0.1429493753130873,0.5652962862202283,0.13921463095584413,0.14293533006697895,0.5331678628554941,0.17030519214944523,0.19960039545344155,0.14403032767470342,0.22002874108245166,0.30267711138241443,0.37165763879658326,0.45332996782877966,0.45565170830118484,0.14403032767470342,0.37165763879658326,0.4479512283118963,0.5652962862202283,0.35030916735727624,0.5126290987636243,0.829132127977065,1.103156896007801,1.6164229418839295,1.8412694966360812,0.500717973777142,0.5994999658711855,0.3296691065539293,0.4183225210707866,0.5675374113588275,0.6493207336017326,0.872368823938899,1.1050515210268181,1.6445044853337545,1.8782985539181154,0.4183225210707866,1.1050515210268181,0.04467183669815267
scenario-000006,UWB_DS_TWR,100,0.005008042591321034,-0.002003826600697396,0.18786144157992457,0.10586775611449431,0.10894361822980583,0.4479512283118963,0.1393046803333196,0.1429493753130873,0.5652962862202283,0.13921463095584413,0.14293533006697895,0.5331678628554941,0.17030519214944523,0.19960039545344155,0.14403032767470342,0.22002874108245166,0.30267711138241443,0.37165763879658326,0.45332996782877966,0.45565170830118484,0.14403032767470342,0.37165763879658326,0.4479512283118963,0.5652962862202283,0.35030916735727624,0.5126290987636243,0.829132127977065,1.103156896007801,1.6164229418839295,1.8412694966360812,0.500717973777142,0.5994999658711855,0.3296691065539293,0.4183225210707866,0.5675374113588275,0.6493207336017326,0.872368823938899,1.1050515210268181,1.6445044853337545,1.8782985539181154,0.4183225210707866,1.1050515210268181,0.04467183669815267
scenario-000007,UWB_DS_TWR,100,0.005008042591321034,-0.002003826600697396,0.18786144157992457,0.10586775611449431,0.10894361822980583,0.4479512283118963,0.1393046803333196,0.1429493753130873,0.5652962862202283,0.13921463095584413,0.14293533006697895,0.5331678628554941,0.17030519214944523,0.19960039545344155,0.14403032767470342,0.22002874108245166,0.30267711138241443,0.37165763879658326,0.45332996782877966,0.45565170830118484,0.14403032767470342,0.37165763879658326,0.4479512283118963,0.5652962862202283,0.35030916735727624,0.5126290987636243,0.829132127977065,1.103156896007801,1.6164229418839295,1.8412694966360812,0.500717973777142,0.5994999658711855,0.3296691065539293,0.4183225210707866,0.5675374113588275,0.6493207336017326,0.872368823938899,1.1050515210268181,1.6445044853337545,1.8782985539181154,0.4183225210707866,1.1050515210268181,0.04467183669815267
scenario-000008,TDOA,100,8.109917733289326,-24.381861024630748,-990.0566208511885,15.788825717523856,32.64150638663592,4169.173836580205,52.84721036354997,124.18642583650488,15028.470108103029,52.221230142237964,121.76942643792539,14995.822807623963,38.620232684773846,134.96331355318392,0.5396174388125923,1.905212404720505,86.76638027170358,248.54442102412122,605.2565923982971,947.2046992625122,0.5396174388125923,248.54442102412122,4169.173836580205,15028.470108103029,5.804268307078265,11.423713612069312,11074.714980968562,21185.25761322684,59535.04542699307,105903.7234645345,4169.5757728462395,15029.076115521922,14439.105469545031,5.8205936127849425,11.576716680141436,20.242913463611377,11075.172667129207,21185.388532684374,59538.08328933905,105904.00914885639,5.8205936127849425,21185.388532684374,275821632.4896029
scenario-000009,TDOA,100,8.109917733289326,-24.381861024630748,-990.0566208511885,15.788825717523856,32.64150638663592,4169.173836580205,52.84721036354997,124.18642583650488,15028.470108103029,52.221230142237964,121.76942643792539,14995.822807623963,38.620232684773846,134.96331355318392,0.5396174388125923,1.905212404720505,86.76638027170358,248.54442102412122,605.2565923982971,947.2046992625122,0.5396174388125923,248.54442102412122,4169.173836580205,15028.470108103029,5.804268307078265,11.423713612069312,11074.714980968562,21185.25761322684,59535.04542699307,105903.7234645345,4169.5757728462395,15029.076115521922,14439.105469545031,5.8205936127849425,11.576716680141436,20.242913463611377,11075.172667129207,21185.388532684374,59538.08328933905,105904.00914885639,5.8205936127849425,21185.388532684374,275821632.4896029
scenario-000010,TDOA,100,8.109917733289326,-24.381861024630748,-990.0566208511885,15.788825717523856,32.64150638663592,4169.173836580205,52.84721036354997,124.18642583650488,15028.470108103029,52.221230142237964,121.76942643792539,14995.822807623963,38.620232684773846,134.96331355318392,0.5396174388125923,1.905212404720505,86.76638027170358,248.54442102412122,605.2565923982971,947.2046992625122,0.5396174388125923,248.54442102412122,4169.173836580205,15028.470108103029,5.804268307078265,11.423713612069312,11074.714980968562,21185.25761322684,59535.04542699307,105903.7234645345,4169.5757728462395,15029.076115521922,14439.105469545031,5.8205936127849425,11.576716680141436,20.242913463611377,11075.172667129207,21185.388532684374,59538.08328933905,105904.00914885639,5.8205936127849425,21185.388532684374,275821632.4896029
scenario-000011,TDOA,100,8.109917733289326,-24.381861024630748,-990.0566208511885,15.788825717523856,32.64150638663592,4169.173836580205,52.84721036354997,124.18642583650488,15028.470108103029,52.221230142237964,121.76942643792539,14995.822807623963,38.620232684773846,134.96331355318392,0.5396174388125923,1.905212404720505,86.76638027170358,248.54442102412122,605.2565923982971,947.2046992625122,0.5396174388125923,248.54442102412122,4169.173836580205,15028.470108103029,5.804268307078265,11.423713612069312,11074.714980968562,21185.25761322684,59535.04542699307,105903.7234645345,4169.5757728462395,15029.076115521922,14439.105469545031,5.8205936127849425,11.576716680141436,20.242913463611377,11075.172667129207,21185.388532684374,59538.08328933905,105904.00914885639,5.8205936127849425,21185.388532684374,275821632.4896029
scenario-000012,SX1280_RANGING,100,0.005008042591321034,-0.002003826600697396,0.18786144157992457,0.10586775611449431,0.10894361822980583,0.4479512283118963,0.1393046803333196,0.1429493753130873,0.5652962862202283,0.13921463095584413,0.14293533006697895,0.5331678628554941,0.17030519214944523,0.19960039545344155,0.14403032767470342,0.22002874108245166,0.30267711138241443,0.37165763879658326,0.45332996782877966,0.45565170830118484,0.14403032767470342,0.37165763879658326,0.4479512283118963,0.5652962862202283,0.35030916735727624,0.5126290987636243,0.829132127977065,1.103156896007801,1.6164229418839295,1.8412694966360812,0.500717973777142,0.5994999658711855,0.3296691065539293,0.4183225210707866,0.5675374113588275,0.6493207336017326,0.872368823938899,1.1050515210268181,1.6445044853337545,1.8782985539181154,0.4183225210707866,1.1050515210268181,0.04467183669815267
scenario-000013,SX1280_RANGING,100,0.005008042591321034,-0.002003826600697396,0.18786144157992457,0.10586775611449431,0.10894361822980583,0.4479512283118963,0.1393046803333196,0.1429493753130873,0.5652962862202283,0.13921463095584413,0.14293533006697895,0.5331678628554941,0.17030519214944523,0.19960039545344155,0.14403032767470342,0.22002874108245166,0.30267711138241443,0.37165763879658326,0.45332996782877966,0.45565170830118484,0.14403032767470342,0.37165763879658326,0.4479512283118963,0.5652962862202283,0.35030916735727624,0.5126290987636243,0.829132127977065,1.103156896007801,1.6164229418839295,1.8412694966360812,0.500717973777142,0.5994999658711855,0.3296691065539293,0.4183225210707866,0.5675374113588275,0.6493207336017326,0.872368823938899,1.1050515210268181,1.6445044853337545,1.8782985539181154,0.4183225210707866,1.1050515210268181,0.04467183669815267
scenario-000014,SX1280_RANGING,100,0.005008042591321034,-0.002003826600697396,0.18786144157992457,0.10586775611449431,0.10894361822980583,0.4479512283118963,0.1393046803333196,0.1429493753130873,0.5652962862202283,0.13921463095584413,0.14293533006697895,0.5331678628554941,0.17030519214944523,0.19960039545344155,0.14403032767470342,0.22002874108245166,0.30267711138241443,0.37165763879658326,0.45332996782877966,0.45565170830118484,0.14403032767470342,0.37165763879658326,0.4479512283118963,0.5652962862202283,0.35030916735727624,0.5126290987636243,0.829132127977065,1.103156896007801,1.6164229418839295,1.8412694966360812,0.500717973777142,0.5994999658711855,0.3296691065539293,0.4183225210707866,0.5675374113588275,0.6493207336017326,0.872368823938899,1.1050515210268181,1.6445044853337545,1.8782985539181154,0.4183225210707866,1.1050515210268181,0.04467183669815267
scenario-000015,SX1280_RANGING,100,0.005008042591321034,-0.002003826600697396,0.18786144157992457,0.10586775611449431,0.10894361822980583,0.4479512283118963,0.1393046803333196,0.1429493753130873,0.5652962862202283,0.13921463095584413,0.14293533006697895,0.5331678628554941,0.17030519214944523,0.19960039545344155,0.14403032767470342,0.22002874108245166,0.30267711138241443,0.37165763879658326,0.45332996782877966,0.45565170830118484,0.14403032767470342,0.37165763879658326,0.4479512283118963,0.5652962862202283,0.35030916735727624,0.5126290987636243,0.829132127977065,1.103156896007801,1.6164229418839295,1.8412694966360812,0.500717973777142,0.5994999658711855,0.3296691065539293,0.4183225210707866,0.5675374113588275,0.6493207336017326,0.872368823938899,1.1050515210268181,1.6445044853337545,1.8782985539181154,0.4183225210707866,1.1050515210268181,0.04467183669815267
scenario-000016,UWB_SS_TWR,100,-0.2778235164734087,0.00818441006512689,5.32955173417675,2.0212906276978044,2.3599351263440003,5.658782267100022,2.477958956990103,3.050077132605036,6.191292536515107,2.462335209962654,3.050066151786227,3.15086997279184,3.4554210184028364,3.9297902116229615,3.4707494608188574,4.277593648145089,5.80771069106109,6.781455352242631,8.222722798203058,8.665195893333918,3.4707494608188574,6.781455352242631,5.658782267100022,6.191292536515107,5.860552662550191,7.080479389931184,8.802248813089333,9.335388755774865,10.330426003606325,10.443794694120204,7.001699467558024,7.333168099810294,2.1798070891877113,7.07172509822583,7.9559930176316795,8.793088987165168,10.17218035497216,10.483313551943858,11.204017534855272,11.384100429466084,7.07172509822583,10.483313551943858,98.54021656013535
scenario-000017,UWB_SS_TWR,100,-0.2778235164734087,0.00818441006512689,5.32955173417675,2.0212906276978044,2.3599351263440003,5.658782267100022,2.477958956990103,3.050077132605036,6.191292536515107,2.462335209962654,3.050066151786227,3.15086997279184,3.4554210184028364,3.9297902116229615,3.4707494608188574,4.277593648145089,5.80771069106109,6.781455352242631,8.222722798203058,8.665195893333918,3.4707494608188574,6.781455352242631,5.658782267100022,6.191292536515107,5.860552662550191,7.080479389931184,8.802248813089333,9.335388755774865,10.330426003606325,10.443794694120204,7.001699467558024,7.333168099810294,2.1798070891877113,7.07172509822583,7.9559930176316795,8.793088987165168,10.17218035497216,10.483313551943858,11.204017534855272,11.384100429466084,7.07172509822583,10.483313551943858,98.54021656013535
scenario-000018,UWB_SS_TWR,100,-0.2778235164734087,0.00818441006512689,5.32955173417675,2.0212906276978044,2.3599351263440003,5.658782267100022,2.477958956990103,3.050077132605036,6.191292536515107,2.462335209962654,3.050066151786227,3.15086997279184,3.4554210184028364,3.9297902116229615,3.4707494608188574,4.277593648145089,5.80771069106109,6.781455352242631,8.222722798203058,8.665195893333918,3.4707494608188574,6.781455352242631,5.658782267100022,6.191292536515107,5.860552662550191,7.080479389931184,8.802248813089333,9.335388755774865,10.330426003606325,10.443794694120204,7.001699467558024,7.333168099810294,2.1798070891877113,7.07172509822583,7.9559930176316795,8.793088987165168,10.17218035497216,10.483313551943858,11.204017534855272,11.384100429466084,7.07172509822583,10.483313551943858,98.54021656013535
scenario-000019,UWB_SS_TWR,100,-0.2778235164734087,0.00818441006512689,5.32955173417675,2.0212906276978044,2.3599351263440003,5.658782267100022,2.477958956990103,3.050077132605036,6.191292536515107,2.462335209962654,3.050066151786227,3.15086997279184,3.4554210184028364,3.9297902116229615,3.4707494608188574,4.277593648145089,5.80771069106109,6.781455352242631,8.222722798203058,8.665195893333918,3.4707494608188574,6.781455352242631,5.658782267100022,6.191292536515107,5.860552662550191,7.080479389931184,8.802248813089333,9.335388755774865,10.330426003606325,10.443794694120204,7.001699467558024,7.333168099810294,2.1798070891877113,7.07172509822583,7.9559930176316795,8.793088987165168,10.17218035497216,10.483313551943858,11.204017534855272,11.384100429466084,7.07172509822583,10.483313551943858,98.54021656013535
scenario-000020,UWB_DS_TWR,100,-0.2778235164734087,0.00818441006512689,5.32955173417675,2.0212906276978044,2.3599351263440003,5.658782267100022,2.477958956990103,3.050077132605036,6.191292536515107,2.462335209962654,3.050066151786227,3.15086997279184,3.4554210184028364,3.9297902116229615,3.4707494608188574,4.277593648145089,5.80771069106109,6.781455352242631,8.222722798203058,8.665195893333918,3.4707494608188574,6.781455352242631,5.658782267100022,6.191292536515107,5.860552662550191,7.080479389931184,8.802248813089333,9.335388755774865,10.330426003606325,10.443794694120204,7.001699467558024,7.333168099810294,2.1798070891877113,7.07172509822583,7.9559930176316795,8.793088987165168,10.17218035497216,10.483313551943858,11.204017534855272,11.384100429466084,7.07172509822583,10.483313551943858,98.54021656013535
scenario-000021,UWB_DS_TWR,100,-0.2778235164734087,0.00818441006512689,5.32955173417675,2.0212906276978044,2.3599351263440003,5.658782267100022,2.477958956990103,3.050077132605036,6.191292536515107,2.462335209962654,3.050066151786227,3.15086997279184,3.4554210184028364,3.9297902116229615,3.4707494608188574,4.277593648145089,5.80771069106109,6.781455352242631,8.222722798203058,8.665195893333918,3.4707494608188574,6.781455352242631,5.658782267100022,6.191292536515107,5.860552662550191,7.080479389931184,8.802248813089333,9.335388755774865,10.330426003606325,10.443794694120204,7.001699467558024,7.333168099810294,2.1798070891877113,7.07172509822583,7.9559930176316795,8.793088987165168,10.17218035497216,10.483313551943858,11.204017534855272,11.384100429466084,7.07172509822583,10.483313551943858,98.54021656013535
scenario-000022,UWB_DS_TWR,100,-0.2778235164734087,0.00818441006512689,5.32955173417675,2.0212906276978044,2.3599351263440003,5.658782267100022,2.477958956990103,3.050077132605036,6.191292536515107,2.462335209962654,3.050066151786227,3.15086997279184,3.4554210184028364,3.9297902116229615,3.4707494608188574,4.277593648145089,5.80771069106109,6.781455352242631,8.222722798203058,8.665195893333918,3.4707494608188574,6.781455352242631,5.658782267100022,6.191292536515107,5.860552662550191,7.080479389931184,8.802248813089333,9.335388755774865,10.330426003606325,10.443794694120204,7.001699467558024,7.333168099810294,2.1798070891877113,7.07172509822583,7.9559930176316795,8.793088987165168,10.17218035497216,10.483313551943858,11.204017534855272,11.384100429466084,7.07172509822583,10.483313551943858,98.54021656013535
scenario-000023,UWB_DS_TWR,100,-0.2778235164734087,0.00818441006512689,5.32955173417675,2.0212906276978044,2.3599351263440003,5.658782267100022,2.477958956990103,3.050077132605036,6.191292536515107,2.462335209962654,3.050066151786227,3.15086997279184,3.4554210184028364,3.9297902116229615,3.4707494608188574,4.277593648145089,5.80771069106109,6.781455352242631,8.222722798203058,8.665195893333918,3.4707494608188574,6.781455352242631,5.658782267100022,6.191292536515107,5.860552662550191,7.080479389931184,8.802248813089333,9.335388755774865,10.330426003606325,10.443794694120204,7.001699467558024,7.333168099810294,2.1798070891877113,7.07172509822583,7.9559930176316795,8.793088987165168,10.17218035497216,10.483313551943858,11.204017534855272,11.384100429466084,7.07172509822583,10.483313551943858,98.54021656013535
scenario-000024,TDOA,100,2020.4634359831505,3403.6079430420136,44778.74220770298,6334.921474187552,6493.468993686909,91267.022331295,15063.09039482485,15194.576472664327,333262.26962903974,14926.969543297118,14808.464037627455,330240.2225722887,9614.832910987048,21395.603436835074,19.287510199656047,4268.7351834454075,33922.63701742712,42514.12723066113,84235.91417103646,99230.59352071056,19.287510199656047,42514.12723066113,91267.022331295,333262.26962903974,24.338188722320737,39520.29595570184,106995.40037961047,213560.85536575678,1529572.887098147,2251323.242552689,93823.02537778206,333948.3675730802,320497.663195358,34.72953692897387,43527.82783174013,49365.62193099274,110594.2447998486,237748.72459521133,1529572.9005897266,2251323.2723913183,34.72953692897387,237748.72459521133,208245785352220.5
scenario-000025,TDOA,100,2020.4634359831505,3403.6079430420136,44778.74220770298,6334.921474187552,6493.468993686909,91267.022331295,15063.09039482485,15194.576472664327,333262.26962903974,14926.969543297118,14808.464037627455,330240.2225722887,9614.832910987048,21395.603436835074,19.287510199656047,4268.7351834454075,33922.63701742712,42514.12723066113,84235.91417103646,99230.59352071056,19.287510199656047,42514.12723066113,91267.022331295,333262.26962903974,24.338188722320737,39520.29595570184,106995.40037961047,213560.85536575678,1529572.887098147,2251323.242552689,93823.02537778206,333948.3675730802,320497.663195358,34.72953692897387,43527.82783174013,49365.62193099274,110594.2447998486,237748.72459521133,1529572.9005897266,2251323.2723913183,34.72953692897387,237748.72459521133,208245785352220.5
scenario-000026,TDOA,100,2020.4634359831505,3403.6079430420136,44778.74220770298,6334.921474187552,6493.468993686909,91267.022331295,15063.09039482485,15194.576472664327,333262.26962903974,14926.969543297118,14808.464037627455,330240.2225722887,9614.832910987048,21395.603436835074,19.287510199656047,4268.7351834454075,33922.63701742712,42514.12723066113,84235.91417103646,99230.59352071056,19.287510199656047,42514.12723066113,91267.022331295,333262.26962903974,24.338188722320737,39520.29595570184,106995.40037961047,213560.85536575678,1529572.887098147,2251323.242552689,93823.02537778206,333948.3675730802,320497.663195358,34.72953692897387,43527.82783174013,49365.62193099274,110594.2447998486,237748.72459521133,1529572.9005897266,2251323.2723913183,34.72953692897387,237748.72459521133,208245785352220.5
scenario-000027,TDOA,100,2020.4634359831505,3403.6079430420136,44778.74220770298,6334.921474187552,6493.468993686909,91267.022331295,15063.09039482485,15194.576472664327,333262.26962903974,14926.969543297118,14808.464037627455,330240.2225722887,9614.832910987048,21395.603436835074,19.287510199656047,4268.7351834454075,33922.63701742712,42514.12723066113,84235.91417103646,99230.59352071056,19.287510199656047,42514.12723066113,91267.022331295,333262.26962903974,24.338188722320737,39520.29595570184,106995.40037961047,213560.85536575678,1529572.887098147,2251323.242552689,93823.02537778206,333948.3675730802,320497.663195358,34.72953692897387,43527.82783174013,49365.62193099274,110594.2447998486,237748.72459521133,1529572.9005897266,2251323.2723913183,34.72953692897387,237748.72459521133,208245785352220.5
scenario-000028,SX1280_RANGING,100,-0.2778235164734087,0.00818441006512689,5.32955173417675,2.0212906276978044,2.3599351263440003,5.658782267100022,2.477958956990103,3.050077132605036,6.191292536515107,2.462335209962654,3.050066151786227,3.15086997279184,3.4554210184028364,3.9297902116229615,3.4707494608188574,4.277593648145089,5.80771069106109,6.781455352242631,8.222722798203058,8.665195893333918,3.4707494608188574,6.781455352242631,5.658782267100022,6.191292536515107,5.860552662550191,7.080479389931184,8.802248813089333,9.335388755774865,10.330426003606325,10.443794694120204,7.001699467558024,7.333168099810294,2.1798070891877113,7.07172509822583,7.9559930176316795,8.793088987165168,10.17218035497216,10.483313551943858,11.204017534855272,11.384100429466084,7.07172509822583,10.483313551943858,98.54021656013535
scenario-000029,SX1280_RANGING,100,-0.2778235164734087,0.00818441006512689,5.32955173417675,2.0212906276978044,2.3599351263440003,5.658782267100022,2.477958956990103,3.050077132605036,6.191292536515107,2.462335209962654,3.050066151786227,3.15086997279184,3.4554210184028364,3.9297902116229615,3.4707494608188574,4.277593648145089,5.80771069106109,6.781455352242631,8.222722798203058,8.665195893333918,3.4707494608188574,6.781455352242631,5.658782267100022,6.191292536515107,5.860552662550191,7.080479389931184,8.802248813089333,9.335388755774865,10.330426003606325,10.443794694120204,7.001699467558024,7.333168099810294,2.1798070891877113,7.07172509822583,7.9559930176316795,8.793088987165168,10.17218035497216,10.483313551943858,11.204017534855272,11.384100429466084,7.07172509822583,10.483313551943858,98.54021656013535
scenario-000030,SX1280_RANGING,100,-0.2778235164734087,0.00818441006512689,5.32955173417675,2.0212906276978044,2.3599351263440003,5.658782267100022,2.477958956990103,3.050077132605036,6.191292536515107,2.462335209962654,3.050066151786227,3.15086997279184,3.4554210184028364,3.9297902116229615,3.4707494608188574,4.277593648145089,5.80771069106109,6.781455352242631,8.222722798203058,8.665195893333918,3.4707494608188574,6.781455352242631,5.658782267100022,6.191292536515107,5.860552662550191,7.080479389931184,8.802248813089333,9.335388755774865,10.330426003606325,10.443794694120204,7.001699467558024,7.333168099810294,2.1798070891877113,7.07172509822583,7.9559930176316795,8.793088987165168,10.17218035497216,10.483313551943858,11.204017534855272,11.384100429466084,7.07172509822583,10.483313551943858,98.54021656013535
scenario-000031,SX1280_RANGING,100,-0.2778235164734087,0.00818441006512689,5.32955173417675,2.0212906276978044,2.3599351263440003,5.658782267100022,2.477958956990103,3.050077132605036,6.191292536515107,2.462335209962654,3.050066151786227,3.15086997279184,3.4554210184028364,3.9297902116229615,3.4707494608188574,4.277593648145089,5.80771069106109,6.781455352242631,8.222722798203058,8.665195893333918,3.4707494608188574,6.781455352242631,5.658782267100022,6.191292536515107,5.860552662550191,7.080479389931184,8.802248813089333,9.335388755774865,10.330426003606325,10.443794694120204,7.001699467558024,7.333168099810294,2.1798070891877113,7.07172509822583,7.9559930176316795,8.793088987165168,10.17218035497216,10.483313551943858,11.204017534855272,11.384100429466084,7.07172509822583,10.483313551943858,98.54021656013535
scenario-000032,UWB_SS_TWR,100,-0.005658156671529837,-0.011697896552691343,0.1292014937832899,0.11379080443969941,0.12731522777703325,0.29523957911433935,0.15004761128940988,0.16255861340034072,0.3874939302325674,0.1499408914097094,0.162137170343151,0.36531975031641567,0.18998301005371612,0.22122293833212522,0.16924978366268784,0.21771865245150337,0.3396618930015329,0.3946684169825126,0.5029288295362302,0.5480564728509072,0.16924978366268784,0.3946684169825126,0.29523957911433935,0.3874939302325674,0.19805592516611337,0.37549362834355254,0.6124291331335704,0.8199196888640071,1.0206874817354727,1.0869401261639071,0.3749745192546687,0.4461962958288438,0.24183722691329204,0.2857444402964991,0.4511998727515072,0.5523816098805315,0.7264215259117636,0.8798701903591429,1.0337250820235593,1.1265016620314847,0.2857444402964991,0.8798701903591429,0.036751214021324585
scenario-000033,UWB_SS_TWR,100,-0.005658156671529837,-0.011697896552691343,0.1292014937832899,0.11379080443969941,0.12731522777703325,0.29523957911433935,0.15004761128940988,0.16255861340034072,0.3874939302325674,0.1499408914097094,0.162137170343151,0.36531975031641567,0.18998301005371612,0.22122293833212522,0.16924978366268784,0.21771865245150337,0.3396618930015329,0.3946684169825126,0.5029288295362302,0.5480564728509072,0.16924978366268784,0.3946684169825126,0.29523957911433935,0.3874939302325674,0.19805592516611337,0.37549362834355254,0.6124291331335704,0.8199196888640071,1.0206874817354727,1.0869401261639071,0.3749745192546687,0.4461962958288438,0.24183722691329204,0.2857444402964991,0.4511998727515072,0.5523816098805315,0.7264215259117636,0.8798701903591429,1.0337250820235593,1.1265016620314847,0.2857444402964991,0.8798701903591429,0.036751214021324585
scenario-000034,UWB_SS_TWR,100,-0.005658156671529837,-0.011697896552691343,0.1292014937832899,0.11379080443969941,0.12731522777703325,0.29523957911433935,0.15004761128940988,0.16255861340034072,0.3874939302325674,0.1499408914097094,0.162137170343151,0.36531975031641567,0.18998301005371612,0.22122293833212522,0.16924978366268784,0.21771865245150337,0.3396618930015329,0.3946684169825126,0.5029288295362302,0.5480564728509072,0.16924978366268784,0.3946684169825126,0.29523957911433935,0.3874939302325674,0.19805592516611337,0.37549362834355254,0.6124291331335704,0.8199196888640071,1.0206874817354727,1.0869401261639071,0.3749745192546687,0.4461962958288438,0.24183722691329204,0.2857444402964991,0.4511998727515072,0.5523816098805315,0.7264215259117636,0.8798701903591429,1.0337250820235593,1.1265016620314847,0.2857444402964991,0.8798701903591429,0.036751214021324585
scenario-000035,UWB_SS_TWR,100,-0.005658156671529837,-0.011697896552691343,0.1292014937832899,0.11379080443969941,0.12731522777703325,0.29523957911433935,0.15004761128940988,0.16255861340034072,0.3874939302325674,0.1499408914097094,0.162137170343151,0.36531975031641567,0.18998301005371612,0.22122293833212522,0.16924978366268784,0.21771865245150337,0.3396618930015329,0.3946684169825126,0.5029288295362302,0.5480564728509072,0.16924978366268784,0.3946684169825126,0.29523957911433935,0.3874939302325674,0.19805592516611337,0.37549362834355254,0.6124291331335704,0.8199196888640071,1.0206874817354727,1.0869401261639071,0.3749745192546687,0.4461962958288438,0.24183722691329204,0.2857444402964991,0.4511998727515072,0.5523816098805315,0.7264215259117636,0.8798701903591429,1.0337250820235593,1.1265016620314847,0.2857444402964991,0.8798701903591429,0.036751214021324585
scenario-000036,UWB_DS_TWR,100,-0.005658156671529837,-0.011697896552691343,0.1292014937832899,0.11379080443969941,0.12731522777703325,0.29523957911433935,0.15004761128940988,0.16255861340034072,0.3874939302325674,0.1499408914097094,0.162137170343151,0.36531975031641567,0.18998301005371612,0.22122293833212522,0.16924978366268784,0.21771865245150337,0.3396618930015329,0.3946684169825126,0.5029288295362302,0.5480564728509072,0.16924978366268784,0.3946684169825126,0.29523957911433935,0.3874939302325674,0.19805592516611337,0.37549362834355254,0.6124291331335704,0.8199196888640071,1.0206874817354727,1.0869401261639071,0.3749745192546687,0.4461962958288438,0.24183722691329204,0.2857444402964991,0.4511998727515072,0.5523816098805315,0.7264215259117636,0.8798701903591429,1.0337250820235593,1.1265016620314847,0.2857444402964991,0.8798701903591429,0.036751214021324585
scenario-000037,UWB_DS_TWR,100,-0.005658156671529837,-0.011697896552691343,0.1292014937832899,0.11379080443969941,0.12731522777703325,0.29523957911433935,0.15004761128940988,0.16255861340034072,0.3874939302325674,0.1499408914097094,0.162137170343151,0.36531975031641567,0.18998301005371612,0.22122293833212522,0.16924978366268784,0.21771865245150337,0.3396618930015329,0.3946684169825126,0.5029288295362302,0.5480564728509072,0.16924978366268784,0.3946684169825126,0.29523957911433935,0.3874939302325674,0.19805592516611337,0.37549362834355254,0.6124291331335704,0.8199196888640071,1.0206874817354727,1.0869401261639071,0.3749745192546687,0.4461962958288438,0.24183722691329204,0.2857444402964991,0.4511998727515072,0.5523816098805315,0.7264215259117636,0.8798701903591429,1.0337250820235593,1.1265016620314847,0.2857444402964991,0.8798701903591429,0.036751214021324585
scenario-000038,UWB_DS_TWR,100,-0.005658156671529837,-0.011697896552691343,0.1292014937832899,0.11379080443969941,0.12731522777703325,0.29523957911433935,0.15004761128940988,0.16255861340034072,0.3874939302325674,0.1499408914097094,0.162137170343151,0.36531975031641567,0.18998301005371612,0.22122293833212522,0.16924978366268784,0.21771865245150337,0.3396618930015329,0.3946684169825126,0.5029288295362302,0.5480564728509072,0.16924978366268784,0.3946684169825126,0.29523957911433935,0.3874939302325674,0.19805592516611337,0.37549362834355254,0.6124291331335704,0.8199196888640071,1.0206874817354727,1.0869401261639071,0.3749745192546687,0.4461962958288438,0.24183722691329204,0.2857444402964991,0.4511998727515072,0.5523816098805315,0.7264215259117636,0.8798701903591429,1.0337250820235593,1.1265016620314847,0.2857444402964991,0.8798701903591429,0.036751214021324585
scenario-000039,UWB_DS_TWR,100,-0.005658156671529837,-0.011697896552691343,0.1292014937832899,0.11379080443969941,0.12731522777703325,0.29523957911433935,0.15004761128940988,0.16255861340034072,0.3874939302325674,0.1499408914097094,0.162137170343151,0.36531975031641567,0.18998301005371612,0.22122293833212522,0.16924978366268784,0.21771865245150337,0.3396618930015329,0.3946684169825126,0.5029288295362302,0.5480564728509072,0.16924978366268784,0.3946684169825126,0.29523957911433935,0.3874939302325674,0.19805592516611337,0.37549362834355254,0.6124291331335704,0.8199196888640071,1.0206874817354727,1.0869401261639071,0.3749745192546687,0.4461962958288438,0.24183722691329204,0.2857444402964991,0.4511998727515072,0.5523816098805315,0.7264215259117636,0.8798701903591429,1.0337250820235593,1.1265016620314847,0.2857444402964991,0.8798701903591429,0.036751214021324585
scenario-000040,TDOA,100,-0.006481500413499917,-0.012868615998080202,0.07160652730733176,0.14090995306399517,0.1556617443222613,0.34267077572672955,0.1802776794969541,0.21328059066964247,0.4847257791709513,0.1801611275419765,0.21289201271697705,0.4794075366948983,0.230455888799442,0.27926448410279114,0.2061100880387578,0.26070258097604704,0.39562958159840733,0.44591845028474236,0.5493815460495037,1.3157372543350694,0.2061100880387578,0.44591845028474236,0.34267077572672955,0.4847257791709513,0.2625021155024143,0.36460134549511797,0.6530550023948718,0.7309678718565243,1.927604014624966,2.416057861358361,0.4397134330349416,0.5594173156723734,0.3458320833623016,0.36179492630343096,0.4598782316859341,0.5400104679983715,0.721095373001594,0.8812108155062054,1.9862921296871712,2.751090713131198,0.36179492630343096,0.8812108155062054,0.0683294956927395
scenario-000041,TDOA,100,-0.006481500413499917,-0.012868615998080202,0.07160652730733176,0.14090995306399517,0.1556617443222613,0.34267077572672955,0.1802776794969541,0.21328059066964247,0.4847257791709513,0.1801611275419765,0.21289201271697705,0.4794075366948983,0.230455888799442,0.27926448410279114,0.2061100880387578,0.26070258097604704,0.39562958159840733,0.44591845028474236,0.5493815460495037,1.3157372543350694,0.2061100880387578,0.44591845028474236,0.34267077572672955,0.4847257791709513,0.2625021155024143,0.36460134549511797,0.6530550023948718,0.7309678718565243,1.927604014624966,2.416057861358361,0.4397134330349416,0.5594173156723734,0.3458320833623016,0.36179492630343096,0.4598782316859341,0.5400104679983715,0.721095373001594,0.8812108155062054,1.9862921296871712,2.751090713131198,0.36179492630343096,0.8812108155062054,0.0683294956927395
scenario-000042,TDOA,100,-0.006481500413499917,-0.012868615998080202,0.07160652730733176,0.14090995306399517,0.1556617443222613,0.34267077572672955,0.1802776794969541,0.21328059066964247,0.4847257791709513,0.1801611275419765,0.21289201271697705,0.4794075366948983,0.230455888799442,0.27926448410279114,0.2061100880387578,0.26070258097604704,0.39562958159840733,0.44591845028474236,0.5493815460495037,1.3157372543350694,0.2061100880387578,0.44591845028474236,0.34267077572672955,0.4847257791709513,0.2625021155024143,0.36460134549511797,0.6530550023948718,0.7309678718565243,1.927604014624966,2.416057861358361,0.4397134330349416,0.5594173156723734,0.3458320833623016,0.36179492630343096,0.4598782316859341,0.5400104679983715,0.721095373001594,0.8812108155062054,1.9862921296871712,2.751090713131198,0.36179492630343096,0.8812108155062054,0.0683294956927395
scenario-000043,TDOA,100,-0.006481500413499917,-0.012868615998080202,0.07160652730733176,0.14090995306399517,0.1556617443222613,0.34267077572672955,0.1802776794969541,0.21328059066964247,0.4847257791709513,0.1801611275419765,0.21289201271697705,0.4794075366948983,0.230455888799442,0.27926448410279114,0.2061100880387578,0.26070258097604704,0.39562958159840733,0.44591845028474236,0.5493815460495037,1.3157372543350694,0.2061100880387578,0.44591845028474236,0.34267077572672955,0.4847257791709513,0.2625021155024143,0.36460134549511797,0.6530550023948718,0.7309678718565243,1.927604014624966,2.416057861358361,0.4397134330349416,0.5594173156723734,0.3458320833623016,0.36179492630343096,0.4598782316859341,0.5400104679983715,0.721095373001594,0.8812108155062054,1.9862921296871712,2.751090713131198,0.36179492630343096,0.8812108155062054,0.0683294956927395
scenario-000044,SX1280_RANGING,100,-0.005658156671529837,-0.011697896552691343,0.1292014937832899,0.11379080443969941,0.12731522777703325,0.29523957911433935,0.15004761128940988,0.16255861340034072,0.3874939302325674,0.1499408914097094,0.162137170343151,0.36531975031641567,0.18998301005371612,0.22122293833212522,0.16924978366268784,0.21771865245150337,0.3396618930015329,0.3946684169825126,0.5029288295362302,0.5480564728509072,0.16924978366268784,0.3946684169825126,0.29523957911433935,0.3874939302325674,0.19805592516611337,0.37549362834355254,0.6124291331335704,0.8199196888640071,1.0206874817354727,1.0869401261639071,0.3749745192546687,0.4461962958288438,0.24183722691329204,0.2857444402964991,0.4511998727515072,0.5523816098805315,0.7264215259117636,0.8798701903591429,1.0337250820235593,1.1265016620314847,0.2857444402964991,0.8798701903591429,0.036751214021324585
scenario-000045,SX1280_RANGING,100,-0.005658156671529837,-0.011697896552691343,0.1292014937832899,0.11379080443969941,0.12731522777703325,0.29523957911433935,0.15004761128940988,0.16255861340034072,0.3874939302325674,0.1499408914097094,0.162137170343151,0.36531975031641567,0.18998301005371612,0.22122293833212522,0.16924978366268784,0.21771865245150337,0.3396618930015329,0.3946684169825126,0.5029288295362302,0.5480564728509072,0.16924978366268784,0.3946684169825126,0.29523957911433935,0.3874939302325674,0.19805592516611337,0.37549362834355254,0.6124291331335704,0.8199196888640071,1.0206874817354727,1.0869401261639071,0.3749745192546687,0.4461962958288438,0.24183722691329204,0.2857444402964991,0.4511998727515072,0.5523816098805315,0.7264215259117636,0.8798701903591429,1.0337250820235593,1.1265016620314847,0.2857444402964991,0.8798701903591429,0.036751214021324585
scenario-000046,SX1280_RANGING,100,-0.005658156671529837,-0.011697896552691343,0.1292014937832899,0.11379080443969941,0.12731522777703325,0.29523957911433935,0.15004761128940988,0.16255861340034072,0.3874939302325674,0.1499408914097094,0.162137170343151,0.36531975031641567,0.18998301005371612,0.22122293833212522,0.16924978366268784,0.21771865245150337,0.3396618930015329,0.3946684169825126,0.5029288295362302,0.5480564728509072,0.16924978366268784,0.3946684169825126,0.29523957911433935,0.3874939302325674,0.19805592516611337,0.37549362834355254,0.6124291331335704,0.8199196888640071,1.0206874817354727,1.0869401261639071,0.3749745192546687,0.4461962958288438,0.24183722691329204,0.2857444402964991,0.4511998727515072,0.5523816098805315,0.7264215259117636,0.8798701903591429,1.0337250820235593,1.1265016620314847,0.2857444402964991,0.8798701903591429,0.036751214021324585
scenario-000047,SX1280_RANGING,100,-0.005658156671529837,-0.011697896552691343,0.1292014937832899,0.11379080443969941,0.12731522777703325,0.29523957911433935,0.15004761128940988,0.16255861340034072,0.3874939302325674,0.1499408914097094,0.162137170343151,0.36531975031641567,0.18998301005371612,0.22122293833212522,0.16924978366268784,0.21771865245150337,0.3396618930015329,0.3946684169825126,0.5029288295362302,0.5480564728509072,0.16924978366268784,0.3946684169825126,0.29523957911433935,0.3874939302325674,0.19805592516611337,0.37549362834355254,0.6124291331335704,0.8199196888640071,1.0206874817354727,1.0869401261639071,0.3749745192546687,0.4461962958288438,0.24183722691329204,0.2857444402964991,0.4511998727515072,0.5523816098805315,0.7264215259117636,0.8798701903591429,1.0337250820235593,1.1265016620314847,0.2857444402964991,0.8798701903591429,0.036751214021324585
scenario-000048,UWB_SS_TWR,100,-0.11486517243664944,-0.39038982862650484,-0.9270869493586901,1.9524291345808904,1.8624986903735303,6.804492376216546,2.4799939182641912,2.3424254807656957,7.490731116883825,2.4773324013520015,2.309665108764768,7.433139474931194,2.9744293813448786,3.4113526595131995,2.829823948269036,3.555254794932524,5.330704573958108,6.095083248060618,7.128135853277279,7.171634165549121,2.829823948269036,6.095083248060618,6.804492376216546,7.490731116883825,7.176053846541276,8.052480171948947,10.694259767520872,11.468618740586843,14.128302508177496,15.02032314933906,7.761433996386038,8.230940385704379,2.740168234390442,7.711997931661081,8.504396923107176,8.872725258946772,11.171956112024514,12.482531032715762,14.499025784394153,15.175665760837433,7.711997931661081,12.482531032715762,179.8518022096063
scenario-000049,UWB_SS_TWR,100,-0.11486517243664944,-0.39038982862650484,-0.9270869493586901,1.9524291345808904,1.8624986903735303,6.804492376216546,2.4799939182641912,2.3424254807656957,7.490731116883825,2.4773324013520015,2.309665108764768,7.433139474931194,2.9744293813448786,3.4113526595131995,2.829823948269036,3.555254794932524,5.330704573958108,6.095083248060618,7.128135853277279,7.171634165549121,2.829823948269036,6.095083248060618,6.804492376216546,7.490731116883825,7.176053846541276,8.052480171948947,10.694259767520872,11.468618740586843,14.128302508177496,15.02032314933906,7.761433996386038,8.230940385704379,2.740168234390442,7.711997931661081,8.504396923107176,8.872725258946772,11.171956112024514,12.482531032715762,14.499025784394153,15.175665760837433,7.711997931661081,12.482531032715762,179.8518022096063
scenario-000050,UWB_SS_TWR,100,-0.11486517243664944,-0.39038982862650484,-0.9270869493586901,1.9524291345808904,1.8624986903735303,6.804492376216546,2.4799939182641912,2.3424254807656957,7.490731116883825,2.4773324013520015,2.309665108764768,7.433139474931194,2.9744293813448786,3.4113526595131995,2.829823948269036,3.555254794932524,5.330704573958108,6.095083248060618,7.128135853277279,7.171634165549121,2.829823948269036,6.095083248060618,6.804492376216546,7.490731116883825,7.176053846541276,8.052480171948947,10.694259767520872,11.468618740586843,14.128302508177496,15.02032314933906,7.761433996386038,8.230940385704379,2.740168234390442,7.711997931661081,8.504396923107176,8.872725258946772,11.171956112024514,12.482531032715762,14.499025784394153,15.175665760837433,7.711997931661081,12.482531032715762,179.8518022096063
scenario-000051,UWB_SS_TWR,100,-0.11486517243664944,-0.39038982862650484,-0.9270869493586901,1.9524291345808904,1.8624986903735303,6.804492376216546,2.4799939182641912,2.3424254807656957,7.490731116883825,2.4773324013520015,2.309665108764768,7.433139474931194,2.9744293813448786,3.4113526595131995,2.829823948269036,3.555254794932524,5.330704573958108,6.095083248060618,7.128135853277279,7.171634165549121,2.829823948269036,6.095083248060618,6.804492376216546,7.490731116883825,7.176053846541276,8.052480171948947,10.694259767520872,11.468618740586843,14.128302508177496,15.02032314933906,7.761433996386038,8.230940385704379,2.740168234390442,7.711997931661081,8.504396923107176,8.872725258946772,11.171956112024514,12.482531032715762,14.499025784394153,15.175665760837433,7.711997931661081,12.482531032715762,179.8518022096063
scenario-000052,UWB_DS_TWR,100,-0.11486517243664944,-0.39038982862650484,-0.9270869493586901,1.9524291345808904,1.8624986903735303,6.804492376216546,2.4799939182641912,2.3424254807656957,7.490731116883825,2.4773324013520015,2.309665108764768,7.433139474931194,2.9744293813448786,3.4113526595131995,2.829823948269036,3.555254794932524,5.330704573958108,6.095083248060618,7.128135853277279,7.171634165549121,2.829823948269036,6.095083248060618,6.804492376216546,7.490731116883825,7.176053846541276,8.052480171948947,10.694259767520872,11.468618740586843,14.128302508177496,15.02032314933906,7.761433996386038,8.230940385704379,2.740168234390442,7.711997931661081,8.504396923107176,8.872725258946772,11.171956112024514,12.482531032715762,14.499025784394153,15.175665760837433,7.711997931661081,12.482531032715762,179.8518022096063
scenario-000053,UWB_DS_TWR,100,-0.11486517243664944,-0.39038982862650484,-0.9270869493586901,1.9524291345808904,1.8624986903735303,6.804492376216546,2.4799939182641912,2.3424254807656957,7.490731116883825,2.4773324013520015,2.309665108764768,7.433139474931194,2.9744293813448786,3.4113526595131995,2.829823948269036,3.555254794932524,5.330704573958108,6.095083248060618,7.128135853277279,7.171634165549121,2.829823948269036,6.095083248060618,6.804492376216546,7.490731116883825,7.176053846541276,8.052480171948947,10.694259767520872,11.468618740586843,14.128302508177496,15.02032314933906,7.761433996386038,8.230940385704379,2.740168234390442,7.711997931661081,8.504396923107176,8.872725258946772,11.171956112024514,12.482531032715762,14.499025784394153,15.175665760837433,7.711997931661081,12.482531032715762,179.8518022096063
scenario-000054,UWB_DS_TWR,100,-0.11486517243664944,-0.39038982862650484,-0.9270869493586901,1.9524291345808904,1.8624986903735303,6.804492376216546,2.4799939182641912,2.3424254807656957,7.490731116883825,2.4773324013520015,2.309665108764768,7.433139474931194,2.9744293813448786,3.4113526595131995,2.829823948269036,3.555254794932524,5.330704573958108,6.095083248060618,7.128135853277279,7.171634165549121,2.829823948269036,6.095083248060618,6.804492376216546,7.490731116883825,7.176053846541276,8.052480171948947,10.694259767520872,11.468618740586843,14.128302508177496,15.02032314933906,7.761433996386038,8.230940385704379,2.740168234390442,7.711997931661081,8.504396923107176,8.872725258946772,11.171956112024514,12.482531032715762,14.499025784394153,15.175665760837433,7.711997931661081,12.482531032715762,179.8518022096063
scenario-000055,UWB_DS_TWR,100,-0.11486517243664944,-0.39038982862650484,-0.9270869493586901,1.9524291345808904,1.8624986903735303,6.804492376216546,2.4799939182641912,2.3424254807656957,7.490731116883825,2.4773324013520015,2.309665108764768,7.433139474931194,2.9744293813448786,3.4113526595131995,2.829823948269036,3.555254794932524,5.330704573958108,6.095083248060618,7.128135853277279,7.171634165549121,2.829823948269036,6.095083248060618,6.804492376216546,7.490731116883825,7.176053846541276,8.052480171948947,10.694259767520872,11.468618740586843,14.128302508177496,15.02032314933906,7.761433996386038,8.230940385704379,2.740168234390442,7.711997931661081,8.504396923107176,8.872725258946772,11.171956112024514,12.482531032715762,14.499025784394153,15.175665760837433,7.711997931661081,12.482531032715762,179.8518022096063
scenario-000056,TDOA,100,832.0331348984547,1304.3980033832145,1359.0362685235461,834.4290997616076,1306.9260864997232,1362.8262931152296,6906.537929044336,11044.29209558749,10648.64549297113,6856.237089523602,10966.992921554485,10561.56575777531,1551.5278316660404,13025.999157760774,3.122913170201643,4.21775854355909,7.63350625019884,16.43563497941575,28416.002267408054,127341.99579816658,3.122913170201643,16.43563497941575,1362.8262931152296,10648.64549297113,3.8890288973738545,5.680600103980485,11.990238737435103,24.045547623051107,35950.94053021535,100465.51600592691,2075.910572767334,16824.693307545276,16696.1342887158,5.481319349198271,6.779886740672978,7.934281945236659,12.777095061580672,28.664713128939336,45870.88587137858,162201.42971070702,5.481319349198271,28.664713128939336,235123918.46101138
scenario-000057,TDOA,100,832.0331348984547,1304.3980033832145,1359.0362685235461,834.4290997616076,1306.9260864997232,1362.8262931152296,6906.537929044336,11044.29209558749,10648.64549297113,6856.237089523602,10966.992921554485,10561.56575777531,1551.5278316660404,13025.999157760774,3.122913170201643,4.21775854355909,7.63350625019884,16.43563497941575,28416.002267408054,127341.99579816658,3.122913170201643,16.43563497941575,1362.8262931152296,10648.64549297113,3.8890288973738545,5.680600103980485,11.990238737435103,24.045547623051107,35950.94053021535,100465.51600592691,2075.910572767334,16824.693307545276,16696.1342887158,5.481319349198271,6.779886740672978,7.934281945236659,12.777095061580672,28.664713128939336,45870.88587137858,162201.42971070702,5.481319349198271,28.664713128939336,235123918.46101138
scenario-000058,TDOA,100,832.0331348984547,1304.3980033832145,1359.0362685235461,834.4290997616076,1306.9260864997232,1362.8262931152296,6906.537929044336,11044.29209558749,10648.64549297113,6856.237089523602,10966.992921554485,10561.56575777531,1551.5278316660404,13025.999157760774,3.122913170201643,4.21775854355909,7.63350625019884,16.43563497941575,28416.002267408054,127341.99579816658,3.122913170201643,16.43563497941575,1362.8262931152296,10648.64549297113,3.8890288973738545,5.680600103980485,11.990238737435103,24.045547623051107,35950.94053021535,100465.51600592691,2075.910572767334,16824.693307545276,16696.1342887158,5.481319349198271,6.779886740672978,7.934281945236659,12.777095061580672,28.664713128939336,45870.88587137858,162201.42971070702,5.481319349198271,28.664713128939336,235123918.46101138
scenario-000059,TDOA,100,832.0331348984547,1304.3980033832145,1359.0362685235461,834.4290997616076,1306.9260864997232,1362.8262931152296,6906.537929044336,11044.29209558749,10648.64549297113,6856.237089523602,10966.992921554485,10561.56575777531,1551.5278316660404,13025.999157760774,3.122913170201643,4.21775854355909,7.63350625019884,16.43563497941575,28416.002267408054,127341.99579816658,3.122913170201643,16.43563497941575,1362.8262931152296,10648.64549297113,3.8890288973738545,5.680600103980485,11.990238737435103,24.045547623051107,35950.94053021535,100465.51600592691,2075.910572767334,16824.693307545276,16696.1342887158,5.481319349198271,6.779886740672978,7.934281945236659,12.777095061580672,28.664713128939336,45870.88587137858,162201.42971070702,5.481319349198271,28.664713128939336,235123918.46101138
scenario-000060,SX1280_RANGING,100,-0.11486517243664944,-0.39038982862650484,-0.9270869493586901,1.9524291345808904,1.8624986903735303,6.804492376216546,2.4799939182641912,2.3424254807656957,7.490731116883825,2.4773324013520015,2.309665108764768,7.433139474931194,2.9744293813448786,3.4113526595131995,2.829823948269036,3.555254794932524,5.330704573958108,6.095083248060618,7.128135853277279,7.171634165549121,2.829823948269036,6.095083248060618,6.804492376216546,7.490731116883825,7.176053846541276,8.052480171948947,10.694259767520872,11.468618740586843,14.128302508177496,15.02032314933906,7.761433996386038,8.230940385704379,2.740168234390442,7.711997931661081,8.504396923107176,8.872725258946772,11.171956112024514,12.482531032715762,14.499025784394153,15.175665760837433,7.711997931661081,12.482531032715762,179.8518022096063
scenario-000061,SX1280_RANGING,100,-0.11486517243664944,-0.39038982862650484,-0.9270869493586901,1.9524291345808904,1.8624986903735303,6.804492376216546,2.4799939182641912,2.3424254807656957,7.490731116883825,2.4773324013520015,2.309665108764768,7.433139474931194,2.9744293813448786,3.4113526595131995,2.829823948269036,3.555254794932524,5.330704573958108,6.095083248060618,7.128135853277279,7.171634165549121,2.829823948269036,6.095083248060618,6.804492376216546,7.490731116883825,7.176053846541276,8.052480171948947,10.694259767520872,11.468618740586843,14.128302508177496,15.02032314933906,7.761433996386038,8.230940385704379,2.740168234390442,7.711997931661081,8.504396923107176,8.872725258946772,11.171956112024514,12.482531032715762,14.499025784394153,15.175665760837433,7.711997931661081,12.482531032715762,179.8518022096063
scenario-000062,SX1280_RANGING,100,-0.11486517243664944,-0.39038982862650484,-0.9270869493586901,1.9524291345808904,1.8624986903735303,6.804492376216546,2.4799939182641912,2.3424254807656957,7.490731116883825,2.4773324013520015,2.309665108764768,7.433139474931194,2.9744293813448786,3.4113526595131995,2.829823948269036,3.555254794932524,5.330704573958108,6.095083248060618,7.128135853277279,7.171634165549121,2.829823948269036,6.095083248060618,6.804492376216546,7.490731116883825,7.176053846541276,8.052480171948947,10.694259767520872,11.468618740586843,14.128302508177496,15.02032314933906,7.761433996386038,8.230940385704379,2.740168234390442,7.711997931661081,8.504396923107176,8.872725258946772,11.171956112024514,12.482531032715762,14.499025784394153,15.175665760837433,7.711997931661081,12.482531032715762,179.8518022096063
scenario-000063,SX1280_RANGING,100,-0.11486517243664944,-0.39038982862650484,-0.9270869493586901,1.9524291345808904,1.8624986903735303,6.804492376216546,2.4799939182641912,2.3424254807656957,7.490731116883825,2.4773324013520015,2.309665108764768,7.433139474931194,2.9744293813448786,3.4113526595131995,2.829823948269036,3.555254794932524,5.330704573958108,6.095083248060618,7.128135853277279,7.171634165549121,2.829823948269036,6.095083248060618,6.804492376216546,7.490731116883825,7.176053846541276,8.052480171948947,10.694259767520872,11.468618740586843,14.128302508177496,15.02032314933906,7.761433996386038,8.230940385704379,2.740168234390442,7.711997931661081,8.504396923107176,8.872725258946772,11.171956112024514,12.482531032715762,14.499025784394153,15.175665760837433,7.711997931661081,12.482531032715762,179.8518022096063
scenario-000064,UWB_SS_TWR,100,-0.002587509588969601,0.009317977193224278,-0.03091972169050542,0.10588718989297574,0.10680204682579975,0.20529700237900866,0.13415161271144854,0.13794701965044634,0.2681788054819899,0.13412665651245267,0.13763195679589527,0.26639039494758193,0.16538229215437542,0.1924215045766016,0.14423969980483892,0.18918351661640007,0.31901467694729996,0.38176101868559575,0.41951374119938545,0.47499087747360774,0.14423969980483892,0.38176101868559575,0.20529700237900866,0.2681788054819899,0.1490599435583262,0.2752513055785604,0.4721047601230746,0.5642016743545718,0.6761592447448995,0.6878519674119445,0.28593774637548425,0.33006954893366053,0.16488029697625886,0.259397203296051,0.3363579631863987,0.37258791582982254,0.5258183992030405,0.6113123106160281,0.693270052916948,0.7255325014689585,0.259397203296051,0.6113123106160281,0.019107746182177858
scenario-000065,UWB_SS_TWR,100,-0.002587509588969601,0.009317977193224278,-0.03091972169050542,0.10588718989297574,0.10680204682579975,0.20529700237900866,0.13415161271144854,0.13794701965044634,0.2681788054819899,0.13412665651245267,0.13763195679589527,0.26639039494758193,0.16538229215437542,0.1924215045766016,0.14423969980483892,0.18918351661640007,0.31901467694729996,0.38176101868559575,0.41951374119938545,0.47499087747360774,0.14423969980483892,0.38176101868559575,0.20529700237900866,0.2681788054819899,0.1490599435583262,0.2752513055785604,0.4721047601230746,0.5642016743545718,0.6761592447448995,0.6878519674119445,0.28593774637548425,0.33006954893366053,0.16488029697625886,0.259397203296051,0.3363579631863987,0.37258791582982254,0.5258183992030405,0.6113123106160281,0.693270052916948,0.7255325014689585,0.259397203296051,0.6113123106160281,0.019107746182177858
scenario-000066,UWB_SS_TWR,100,-0.002587509588969601,0.009317977193224278,-0.03091972169050542,0.10588718989297574,0.10680204682579975,0.20529700237900866,0.13415161271144854,0.13794701965044634,0.2681788054819899,0.13412665651245267,0.13763195679589527,0.26639039494758193,0.16538229215437542,0.1924215045766016,0.14423969980483892,0.18918351661640007,0.31901467694729996,0.38176101868559575,0.41951374119938545,0.47499087747360774,0.14423969980483892,0.38176101868559575,0.20529700237900866,0.2681788054819899,0.1490599435583262,0.2752513055785604,0.4721047601230746,0.5642016743545718,0.6761592447448995,0.6878519674119445,0.28593774637548425,0.33006954893366053,0.16488029697625886,0.259397203296051,0.3363579631863987,0.37258791582982254,0.5258183992030405,0.6113123106160281,0.693270052916948,0.7255325014689585,0.259397203296051,0.6113123106160281,0.019107746182177858
scenario-000067,UWB_SS_TWR,100,-0.002587509588969601,0.009317977193224278,-0.03091972169050542,0.10588718989297574,0.10680204682579975,0.20529700237900866,0.13415161271144854,0.13794701965044634,0.2681788054819899,0.13412665651245267,0.13763195679589527,0.26639039494758193,0.16538229215437542,0.1924215045766016,0.14423969980483892,0.18918351661640007,0.31901467694729996,0.38176101868559575,0.41951374119938545,0.47499087747360774,0.14423969980483892,0.38176101868559575,0.20529700237900866,0.2681788054819899,0.1490599435583262,0.2752513055785604,0.4721047601230746,0.5642016743545718,0.6761592447448995,0.6878519674119445,0.28593774637548425,0.33006954893366053,0.16488029697625886,0.259397203296051,0.3363579631863987,0.37258791582982254,0.5258183992030405,0.6113123106160281,0.693270052916948,0.7255325014689585,0.259397203296051,0.6113123106160281,0.019107746182177858
scenario-000068,UWB_DS_TWR,100,-0.002587509588969601,0.009317977193224278,-0.03091972169050542,0.10588718989297574,0.10680204682579975,0.20529700237900866,0.13415161271144854,0.13794701965044634,0.2681788054819899,0.13412665651245267,0.13763195679589527,0.26639039494758193,0.16538229215437542,0.1924215045766016,0.14423969980483892,0.18918351661640007,0.31901467694729996,0.38176101868559575,0.41951374119938545,0.47499087747360774,0.14423969980483892,0.38176101868559575,0.20529700237900866,0.2681788054819899,0.1490599435583262,0.2752513055785604,0.4721047601230746,0.5642016743545718,0.6761592447448995,0.6878519674119445,0.28593774637548425,0.33006954893366053,0.16488029697625886,0.259397203296051,0.3363579631863987,0.37258791582982254,0.5258183992030405,0.6113123106160281,0.693270052916948,0.7255325014689585,0.259397203296051,0.6113123106160281,0.019107746182177858
scenario-000069,UWB_DS_TWR,100,-0.002587509588969601,0.009317977193224278,-0.03091972169050542,0.10588718989297574,0.10680204682579975,0.20529700237900866,0.13415161271144854,0.13794701965044634,0.2681788054819899,0.13412665651245267,0.13763195679589527,0.26639039494758193,0.16538229215437542,0.1924215045766016,0.14423969980483892,0.18918351661640007,0.31901467694729996,0.38176101868559575,0.41951374119938545,0.47499087747360774,0.14423969980483892,0.38176101868559575,0.20529700237900866,0.2681788054819899,0.1490599435583262,0.2752513055785604,0.4721047601230746,0.5642016743545718,0.6761592447448995,0.6878519674119445,0.28593774637548425,0.33006954893366053,0.16488029697625886,0.259397203296051,0.3363579631863987,0.37258791582982254,0.5258183992030405,0.6113123106160281,0.693270052916948,0.7255325014689585,0.259397203296051,0.6113123106160281,0.019107746182177858
scenario-000070,UWB_DS_TWR,100,-0.002587509588969601,0.009317977193224278,-0.03091972169050542,0.10588718989297574,0.10680204682579975,0.20529700237900866,0.13415161271144854,0.13794701965044634,0.2681788054819899,0.13412665651245267,0.13763195679589527,0.26639039494758193,0.16538229215437542,0.1924215045766016,0.14423969980483892,0.18918351661640007,0.31901467694729996,0.38176101868559575,0.41951374119938545,0.47499087747360774,0.14423969980483892,0.38176101868559575,0.20529700237900866,0.2681788054819899,0.1490599435583262,0.2752513055785604,0.4721047601230746,0.5642016743545718,0.6761592447448995,0.6878519674119445,0.28593774637548425,0.33006954893366053,0.16488029697625886,0.259397203296051,0.3363579631863987,0.37258791582982254,0.5258183992030405,0.6113123106160281,0.693270052916948,0.7255325014689585,0.259397203296051,0.6113123106160281,0.019107746182177858
scenario-000071,UWB_DS_TWR,100,-0.002587509588969601,0.009317977193224278,-0.03091972169050542,0.10588718989297574,0.10680204682579975,0.20529700237900866,0.13415161271144854,0.13794701965044634,0.2681788054819899,0.13412665651245267,0.13763195679589527,0.26639039494758193,0.16538229215437542,0.1924215045766016,0.14423969980483892,0.18918351661640007,0.31901467694729996,0.38176101868559575,0.41951374119938545,0.47499087747360774,0.14423969980483892,0.38176101868559575,0.20529700237900866,0.2681788054819899,0.1490599435583262,0.2752513055785604,0.4721047601230746,0.5642016743545718,0.6761592447448995,0.6878519674119445,0.28593774637548425,0.33006954893366053,0.16488029697625886,0.259397203296051,0.3363579631863987,0.37258791582982254,0.5258183992030405,0.6113123106160281,0.693270052916948,0.7255325014689585,0.259397203296051,0.6113123106160281,0.019107746182177858
scenario-000072,TDOA,100,0.006618555849854917,-0.0011196080699140154,-0.006377466520414035,0.11981740952381555,0.1161912709390788,0.23381716450772408,0.15349957453048926,0.14187326734508743,0.30379174763421113,0.15335681954025904,0.1418688495228619,0.30372479953311227,0.18423722363529926,0.20902187294207247,0.15908433395662488,0.21414049826275405,0.33820725832272547,0.37824892833964296,0.44470147743850946,0.45685006015773094,0.15908433395662488,0.37824892833964296,0.23381716450772408,0.30379174763421113,0.1806217135359831,0.2914054773255115,0.5059284444275921,0.6431787750315224,0.7361393163845974,0.8086838485996566,0.321306849606176,0.3687540769928654,0.1809460629442219,0.2951128168226064,0.3847654052786204,0.4420097415066565,0.5556446445407751,0.6915845869488576,0.8242793379812741,0.8461966651617449,0.2951128168226064,0.6915845869488576,0.025069423953862004
scenario-000073,TDOA,100,0.006618555849854917,-0.0011196080699140154,-0.006377466520414035,0.11981740952381555,0.1161912709390788,0.23381716450772408,0.15349957453048926,0.14187326734508743,0.30379174763421113,0.15335681954025904,0.1418688495228619,0.30372479953311227,0.18423722363529926,0.20902187294207247,0.15908433395662488,0.21414049826275405,0.33820725832272547,0.37824892833964296,0.44470147743850946,0.45685006015773094,0.15908433395662488,0.37824892833964296,0.23381716450772408,0.30379174763421113,0.1806217135359831,0.2914054773255115,0.5059284444275921,0.6431787750315224,0.7361393163845974,0.8086838485996566,0.321306849606176,0.3687540769928654,0.1809460629442219,0.2951128168226064,0.3847654052786204,0.4420097415066565,0.5556446445407751,0.6915845869488576,0.8242793379812741,0.8461966651617449,0.2951128168226064,0.6915845869488576,0.025069423953862004
scenario-000074,TDOA,100,0.006618555849854917,-0.0011196080699140154,-0.006377466520414035,0.11981740952381555,0.1161912709390788,0.23381716450772408,0.15349957453048926,0.14187326734508743,0.30379174763421113,0.15335681954025904,0.1418688495228619,0.30372479953311227,0.18423722363529926,0.20902187294207247,0.15908433395662488,0.21414049826275405,0.33820725832272547,0.37824892833964296,0.44470147743850946,0.45685006015773094,0.15908433395662488,0.37824892833964296,0.23381716450772408,0.30379174763421113,0.1806217135359831,0.2914054773255115,0.5059284444275921,0.6431787750315224,0.7361393163845974,0.8086838485996566,0.321306849606176,0.3687540769928654,0.1809460629442219,0.2951128168226064,0.3847654052786204,0.4420097415066565,0.5556446445407751,0.6915845869488576,0.8242793379812741,0.8461966651617449,0.2951128168226064,0.6915845869488576,0.025069423953862004
scenario-000075,TDOA,100,0.006618555849854917,-0.0011196080699140154,-0.006377466520414035,0.11981740952381555,0.1161912709390788,0.23381716450772408,0.15349957453048926,0.14187326734508743,0.30379174763421113,0.15335681954025904,0.1418688495228619,0.30372479953311227,0.18423722363529926,0.20902187294207247,0.15908433395662488,0.21414049826275405,0.33820725832272547,0.37824892833964296,0.44470147743850946,0.45685006015773094,0.15908433395662488,0.37824892833964296,0.23381716450772408,0.30379174763421113,0.1806217135359831,0.2914054773255115,0.5059284444275921,0.6431787750315224,0.7361393163845974,0.8086838485996566,0.321306849606176,0.3687540769928654,0.1809460629442219,0.2951128168226064,0.3847654052786204,0.4420097415066565,0.5556446445407751,0.6915845869488576,0.8242793379812741,0.8461966651617449,0.2951128168226064,0.6915845869488576,0.025069423953862004
scenario-000076,SX1280_RANGING,100,-0.002587509588969601,0.009317977193224278,-0.03091972169050542,0.10588718989297574,0.10680204682579975,0.20529700237900866,0.13415161271144854,0.13794701965044634,0.2681788054819899,0.13412665651245267,0.13763195679589527,0.26639039494758193,0.16538229215437542,0.1924215045766016,0.14423969980483892,0.18918351661640007,0.31901467694729996,0.38176101868559575,0.41951374119938545,0.47499087747360774,0.14423969980483892,0.38176101868559575,0.20529700237900866,0.2681788054819899,0.1490599435583262,0.2752513055785604,0.4721047601230746,0.5642016743545718,0.6761592447448995,0.6878519674119445,0.28593774637548425,0.33006954893366053,0.16488029697625886,0.259397203296051,0.3363579631863987,0.37258791582982254,0.5258183992030405,0.6113123106160281,0.693270052916948,0.7255325014689585,0.259397203296051,0.6113123106160281,0.019107746182177858
scenario-000077,SX1280_RANGING,100,-0.002587509588969601,0.009317977193224278,-0.03091972169050542,0.10588718989297574,0.10680204682579975,0.20529700237900866,0.13415161271144854,0.13794701965044634,0.2681788054819899,0.13412665651245267,0.13763195679589527,0.26639039494758193,0.16538229215437542,0.1924215045766016,0.14423969980483892,0.18918351661640007,0.31901467694729996,0.38176101868559575,0.41951374119938545,0.47499087747360774,0.14423969980483892,0.38176101868559575,0.20529700237900866,0.2681788054819899,0.1490599435583262,0.2752513055785604,0.4721047601230746,0.5642016743545718,0.6761592447448995,0.6878519674119445,0.28593774637548425,0.33006954893366053,0.16488029697625886,0.259397203296051,0.3363579631863987,0.37258791582982254,0.5258183992030405,0.6113123106160281,0.693270052916948,0.7255325014689585,0.259397203296051,0.6113123106160281,0.019107746182177858
scenario-000078,SX1280_RANGING,100,-0.002587509588969601,0.009317977193224278,-0.03091972169050542,0.10588718989297574,0.10680204682579975,0.20529700237900866,0.13415161271144854,0.13794701965044634,0.2681788054819899,0.13412665651245267,0.13763195679589527,0.26639039494758193,0.16538229215437542,0.1924215045766016,0.14423969980483892,0.18918351661640007,0.31901467694729996,0.38176101868559575,0.41951374119938545,0.47499087747360774,0.14423969980483892,0.38176101868559575,0.20529700237900866,0.2681788054819899,0.1490599435583262,0.2752513055785604,0.4721047601230746,0.5642016743545718,0.6761592447448995,0.6878519674119445,0.28593774637548425,0.33006954893366053,0.16488029697625886,0.259397203296051,0.3363579631863987,0.37258791582982254,0.5258183992030405,0.6113123106160281,0.693270052916948,0.7255325014689585,0.259397203296051,0.6113123106160281,0.019107746182177858
scenario-000079,SX1280_RANGING,100,-0.002587509588969601,0.009317977193224278,-0.03091972169050542,0.10588718989297574,0.10680204682579975,0.20529700237900866,0.13415161271144854,0.13794701965044634,0.2681788054819899,0.13412665651245267,0.13763195679589527,0.26639039494758193,0.16538229215437542,0.1924215045766016,0.14423969980483892,0.18918351661640007,0.31901467694729996,0.38176101868559575,0.41951374119938545,0.47499087747360774,0.14423969980483892,0.38176101868559575,0.20529700237900866,0.2681788054819899,0.1490599435583262,0.2752513055785604,0.4721047601230746,0.5642016743545718,0.6761592447448995,0.6878519674119445,0.28593774637548425,0.33006954893366053,0.16488029697625886,0.259397203296051,0.3363579631863987,0.37258791582982254,0.5258183992030405,0.6113123106160281,0.693270052916948,0.7255325014689585,0.259397203296051,0.6113123106160281,0.019107746182177858
scenario-000080,UWB_SS_TWR,100,0.014951126047920713,0.08499615763086027,-1.499040798573509,1.7573340156116977,1.7965829735536443,6.590425492095299,2.152599163356207,2.2055074413415667,7.0149070332263985,2.1525472403438073,2.203869035809754,6.85286782077557,2.7743207115762174,3.0818738182954326,2.623194833134631,3.231587682752641,4.5196058619686195,4.937931482023434,5.54182931215627,7.1853397342491885,2.623194833134631,4.937931482023434,6.590425492095299,7.0149070332263985,6.620615289066205,7.917790586675391,9.620783844083244,9.855743185989523,10.813094872346607,11.066825827083735,7.335160062408025,7.662040649637932,2.214112412583961,7.495302927499917,8.416025099830103,8.805375751083623,9.902814507080123,10.864421763985797,11.358154058424855,11.98611482352039,7.495302927499917,10.864421763985797,128.65239893356883
scenario-000081,UWB_SS_TWR,100,0.014951126047920713,0.08499615763086027,-1.499040798573509,1.7573340156116977,1.7965829735536443,6.590425492095299,2.152599163356207,2.2055074413415667,7.0149070332263985,2.1525472403438073,2.203869035809754,6.85286782077557,2.7743207115762174,3.0818738182954326,2.623194833134631,3.231587682752641,4.5196058619686195,4.937931482023434,5.54182931215627,7.1853397342491885,2.623194833134631,4.937931482023434,6.590425492095299,7.0149070332263985,6.620615289066205,7.917790586675391,9.620783844083244,9.855743185989523,10.813094872346607,11.066825827083735,7.335160062408025,7.662040649637932,2.214112412583961,7.495302927499917,8.416025099830103,8.805375751083623,9.902814507080123,10.864421763985797,11.358154058424855,11.98611482352039,7.495302927499917,10.864421763985797,128.65239893356883
scenario-000082,UWB_SS_TWR,100,0.014951126047920713,0.08499615763086027,-1.499040798573509,1.7573340156116977,1.7965829735536443,6.590425492095299,2.152599163356207,2.2055074413415667,7.0149070332263985,2.1525472403438073,2.203869035809754,6.85286782077557,2.7743207115762174,3.0818738182954326,2.623194833134631,3.231587682752641,4.5196058619686195,4.937931482023434,5.54182931215627,7.1853397342491885,2.623194833134631,4.937931482023434,6.590425492095299,7.0149070332263985,6.620615289066205,7.917790586675391,9.620783844083244,9.855743185989523,10.813094872346607,11.066825827083735,7.335160062408025,7.662040649637932,2.214112412583961,7.495302927499917,8.416025099830103,8.805375751083623,9.902814507080123,10.864421763985797,11.358154058424855,11.98611482352039,7.495302927499917,10.864421763985797,128.65239893356883
scenario-000083,UWB_SS_TWR,100,0.014951126047920713,0.08499615763086027,-1.499040798573509,1.7573340156116977,1.7965829735536443,6.590425492095299,2.152599163356207,2.2055074413415667,7.0149070332263985,2.1525472403438073,2.203869035809754,6.85286782077557,2.7743207115762174,3.0818738182954326,2.623194833134631,3.231587682752641,4.5196058619686195,4.937931482023434,5.54182931215627,7.1853397342491885,2.623194833134631,4.937931482023434,6.590425492095299,7.0149070332263985,6.620615289066205,7.917790586675391,9.620783844083244,9.855743185989523,10.813094872346607,11.066825827083735,7.335160062408025,7.662040649637932,2.214112412583961,7.495302927499917,8.416025099830103,8.805375751083623,9.902814507080123,10.864421763985797,11.358154058424855,11.98611482352039,7.495302927499917,10.864421763985797,128.65239893356883
scenario-000084,UWB_DS_TWR,100,0.014951126047920713,0.08499615763086027,-1.499040798573509,1.7573340156116977,1.7965829735536443,6.590425492095299,2.152599163356207,2.2055074413415667,7.0149070332263985,2.1525472403438073,2.203869035809754,6.85286782077557,2.7743207115762174,3.0818738182954326,2.623194833134631,3.231587682752641,4.5196058619686195,4.937931482023434,5.54182931215627,7.1853397342491885,2.623194833134631,4.937931482023434,6.590425492095299,7.0149070332263985,6.620615289066205,7.917790586675391,9.620783844083244,9.855743185989523,10.813094872346607,11.066825827083735,7.335160062408025,7.662040649637932,2.214112412583961,7.495302927499917,8.416025099830103,8.805375751083623,9.902814507080123,10.864421763985797,11.358154058424855,11.98611482352039,7.495302927499917,10.864421763985797,128.65239893356883
scenario-000085,UWB_DS_TWR,100,0.014951126047920713,0.08499615763086027,-1.499040798573509,1.7573340156116977,1.7965829735536443,6.590425492095299,2.152599163356207,2.2055074413415667,7.0149070332263985,2.1525472403438073,2.203869035809754,6.85286782077557,2.7743207115762174,3.0818738182954326,2.623194833134631,3.231587682752641,4.5196058619686195,4.937931482023434,5.54182931215627,7.1853397342491885,2.623194833134631,4.937931482023434,6.590425492095299,7.0149070332263985,6.620615289066205,7.917790586675391,9.620783844083244,9.855743185989523,10.813094872346607,11.066825827083735,7.335160062408025,7.662040649637932,2.214112412583961,7.495302927499917,8.416025099830103,8.805375751083623,9.902814507080123,10.864421763985797,11.358154058424855,11.98611482352039,7.495302927499917,10.864421763985797,128.65239893356883
scenario-000086,UWB_DS_TWR,100,0.014951126047920713,0.08499615763086027,-1.499040798573509,1.7573340156116977,1.7965829735536443,6.590425492095299,2.152599163356207,2.2055074413415667,7.0149070332263985,2.1525472403438073,2.203869035809754,6.85286782077557,2.7743207115762174,3.0818738182954326,2.623194833134631,3.231587682752641,4.5196058619686195,4.937931482023434,5.54182931215627,7.1853397342491885,2.623194833134631,4.937931482023434,6.590425492095299,7.0149070332263985,6.620615289066205,7.917790586675391,9.620783844083244,9.855743185989523,10.813094872346607,11.066825827083735,7.335160062408025,7.662040649637932,2.214112412583961,7.495302927499917,8.416025099830103,8.805375751083623,9.902814507080123,10.864421763985797,11.358154058424855,11.98611482352039,7.495302927499917,10.864421763985797,128.65239893356883
scenario-000087,UWB_DS_TWR,100,0.014951126047920713,0.08499615763086027,-1.499040798573509,1.7573340156116977,1.7965829735536443,6.590425492095299,2.152599163356207,2.2055074413415667,7.0149070332263985,2.1525472403438073,2.203869035809754,6.85286782077557,2.7743207115762174,3.0818738182954326,2.623194833134631,3.231587682752641,4.5196058619686195,4.937931482023434,5.54182931215627,7.1853397342491885,2.623194833134631,4.937931482023434,6.590425492095299,7.0149070332263985,6.620615289066205,7.917790586675391,9.620783844083244,9.855743185989523,10.813094872346607,11.066825827083735,7.335160062408025,7.662040649637932,2.214112412583961,7.495302927499917,8.416025099830103,8.805375751083623,9.902814507080123,10.864421763985797,11.358154058424855,11.98611482352039,7.495302927499917,10.864421763985797,128.65239893356883
scenario-000088,TDOA,100,701.785122874223,528.6162732336179,826.3513933038134,703.9202368402485,530.2282510204021,829.1001967835666,4803.100200481379,3861.0795857916005,5065.147991654501,4751.554395897902,3824.722264882673,4997.286018645169,888.0308416170487,6162.605545033765,2.461680916221094,3.359013774423981,5.210108727504139,8.556053569572514,19825.03293209255,57273.073386530436,2.461680916221094,8.556053569572514,829.1001967835666,5065.147991654501,2.768507547898288,5.125392662139405,8.932955347715957,31.263313278941098,34004.011692940316,35067.74565172596,1247.376455667499,7977.056554960767,7878.926529603441,4.272922753113653,5.731094955206343,6.6173575957601996,10.467139466712503,32.412989798642855,39442.659805964126,67156.17410360007,4.272922753113653,32.412989798642855,11147941420.81815
scenario-000089,TDOA,100,701.785122874223,528.6162732336179,826.3513933038134,703.9202368402485,530.2282510204021,829.1001967835666,4803.100200481379,3861.0795857916005,5065.147991654501,4751.554395897902,3824.722264882673,4997.286018645169,888.0308416170487,6162.605545033765,2.461680916221094,3.359013774423981,5.210108727504139,8.556053569572514,19825.03293209255,57273.073386530436,2.461680916221094,8.556053569572514,829.1001967835666,5065.147991654501,2.768507547898288,5.125392662139405,8.932955347715957,31.263313278941098,34004.011692940316,35067.74565172596,1247.376455667499,7977.056554960767,7878.926529603441,4.272922753113653,5.731094955206343,6.6173575957601996,10.467139466712503,32.412989798642855,39442.659805964126,67156.17410360007,4.272922753113653,32.412989798642855,11147941420.81815
scenario-000090,TDOA,100,701.785122874223,528.6162732336179,826.3513933038134,703.9202368402485,530.2282510204021,829.1001967835666,4803.100200481379,3861.0795857916005,5065.147991654501,4751.554395897902,3824.722264882673,4997.286018645169,888.0308416170487,6162.605545033765,2.461680916221094,3.359013774423981,5.210108727504139,8.556053569572514,19825.03293209255,57273.073386530436,2.461680916221094,8.556053569572514,829.1001967835666,5065.147991654501,2.768507547898288,5.125392662139405,8.932955347715957,31.263313278941098,34004.011692940316,35067.74565172596,1247.376455667499,7977.056554960767,7878.926529603441,4.272922753113653,5.731094955206343,6.6173575957601996,10.467139466712503,32.412989798642855,39442.659805964126,67156.17410360007,4.272922753113653,32.412989798642855,11147941420.81815
scenario-000091,TDOA,100,701.785122874223,528.6162732336179,826.3513933038134,703.9202368402485,530.2282510204021,829.1001967835666,4803.100200481379,3861.0795857916005,5065.147991654501,4751.554395897902,3824.722264882673,4997.286018645169,888.0308416170487,6162.605545033765,2.461680916221094,3.359013774423981,5.210108727504139,8.556053569572514,19825.03293209255,57273.073386530436,2.461680916221094,8.556053569572514,829.1001967835666,5065.147991654501,2.768507547898288,5.125392662139405,8.932955347715957,31.263313278941098,34004.011692940316,35067.74565172596,1247.376455667499,7977.056554960767,7878.926529603441,4.272922753113653,5.731094955206343,6.6173575957601996,10.467139466712503,32.412989798642855,39442.659805964126,67156.17410360007,4.272922753113653,32.412989798642855,11147941420.81815
scenario-000092,SX1280_RANGING,100,0.014951126047920713,0.08499615763086027,-1.499040798573509,1.7573340156116977,1.7965829735536443,6.590425492095299,2.152599163356207,2.2055074413415667,7.0149070332263985,2.1525472403438073,2.203869035809754,6.85286782077557,2.7743207115762174,3.0818738182954326,2.623194833134631,3.231587682752641,4.5196058619686195,4.937931482023434,5.54182931215627,7.1853397342491885,2.623194833134631,4.937931482023434,6.590425492095299,7.0149070332263985,6.620615289066205,7.917790586675391,9.620783844083244,9.855743185989523,10.813094872346607,11.066825827083735,7.335160062408025,7.662040649637932,2.214112412583961,7.495302927499917,8.416025099830103,8.805375751083623,9.902814507080123,10.864421763985797,11.358154058424855,11.98611482352039,7.495302927499917,10.864421763985797,128.65239893356883
scenario-000093,SX1280_RANGING,100,0.014951126047920713,0.08499615763086027,-1.499040798573509,1.7573340156116977,1.7965829735536443,6.590425492095299,2.152599163356207,2.2055074413415667,7.0149070332263985,2.1525472403438073,2.203869035809754,6.85286782077557,2.7743207115762174,3.0818738182954326,2.623194833134631,3.231587682752641,4.5196058619686195,4.937931482023434,5.54182931215627,7.1853397342491885,2.623194833134631,4.937931482023434,6.590425492095299,7.0149070332263985,6.620615289066205,7.917790586675391,9.620783844083244,9.855743185989523,10.813094872346607,11.066825827083735,7.335160062408025,7.662040649637932,2.214112412583961,7.495302927499917,8.416025099830103,8.805375751083623,9.902814507080123,10.864421763985797,11.358154058424855,11.98611482352039,7.495302927499917,10.864421763985797,128.65239893356883
scenario-000094,SX1280_RANGING,100,0.014951126047920713,0.08499615763086027,-1.499040798573509,1.7573340156116977,1.7965829735536443,6.590425492095299,2.152599163356207,2.2055074413415667,7.0149070332263985,2.1525472403438073,2.203869035809754,6.85286782077557,2.7743207115762174,3.0818738182954326,2.623194833134631,3.231587682752641,4.5196058619686195,4.937931482023434,5.54182931215627,7.1853397342491885,2.623194833134631,4.937931482023434,6.590425492095299,7.0149070332263985,6.620615289066205,7.917790586675391,9.620783844083244,9.855743185989523,10.813094872346607,11.066825827083735,7.335160062408025,7.662040649637932,2.214112412583961,7.495302927499917,8.416025099830103,8.805375751083623,9.902814507080123,10.864421763985797,11.358154058424855,11.98611482352039,7.495302927499917,10.864421763985797,128.65239893356883
scenario-000095,SX1280_RANGING,100,0.014951126047920713,0.08499615763086027,-1.499040798573509,1.7573340156116977,1.7965829735536443,6.590425492095299,2.152599163356207,2.2055074413415667,7.0149070332263985,2.1525472403438073,2.203869035809754,6.85286782077557,2.7743207115762174,3.0818738182954326,2.623194833134631,3.231587682752641,4.5196058619686195,4.937931482023434,5.54182931215627,7.1853397342491885,2.623194833134631,4.937931482023434,6.590425492095299,7.0149070332263985,6.620615289066205,7.917790586675391,9.620783844083244,9.855743185989523,10.813094872346607,11.066825827083735,7.335160062408025,7.662040649637932,2.214112412583961,7.495302927499917,8.416025099830103,8.805375751083623,9.902814507080123,10.864421763985797,11.358154058424855,11.98611482352039,7.495302927499917,10.864421763985797,128.65239893356883
