scenario_id,width_m,length_m,height_m,floor_area_m2,volume_m3,anchor_count,anchors_per_sqm,anchors_per_cubic_m,nlos_probability,nlos_bias_m,packet_loss_probability
scenario-000000,20.0,20.0,6.0,400.0,2400.0,4,0.01,0.0016666666666666668,0.1,0.5,
scenario-000001,20.0,20.0,6.0,400.0,2400.0,4,0.01,0.0016666666666666668,0.1,0.5,
scenario-000002,20.0,20.0,6.0,400.0,2400.0,4,0.01,0.0016666666666666668,0.1,0.5,
scenario-000003,20.0,20.0,6.0,400.0,2400.0,4,0.01,0.0016666666666666668,0.1,0.5,
scenario-000004,20.0,20.0,6.0,400.0,2400.0,4,0.01,0.0016666666666666668,0.1,0.5,
scenario-000005,20.0,20.0,6.0,400.0,2400.0,4,0.01,0.0016666666666666668,0.1,0.5,
scenario-000006,20.0,20.0,6.0,400.0,2400.0,4,0.01,0.0016666666666666668,0.1,0.5,
scenario-000007,20.0,20.0,6.0,400.0,2400.0,4,0.01,0.0016666666666666668,0.1,0.5,
scenario-000008,20.0,20.0,6.0,400.0,2400.0,4,0.01,0.0016666666666666668,0.1,0.5,
scenario-000009,20.0,20.0,6.0,400.0,2400.0,4,0.01,0.0016666666666666668,0.1,0.5,
scenario-000010,20.0,20.0,6.0,400.0,2400.0,4,0.01,0.0016666666666666668,0.1,0.5,
scenario-000011,20.0,20.0,6.0,400.0,2400.0,4,0.01,0.0016666666666666668,0.1,0.5,
scenario-000012,20.0,20.0,6.0,400.0,2400.0,4,0.01,0.0016666666666666668,0.1,0.5,
scenario-000013,20.0,20.0,6.0,400.0,2400.0,4,0.01,0.0016666666666666668,0.1,0.5,
scenario-000014,20.0,20.0,6.0,400.0,2400.0,4,0.01,0.0016666666666666668,0.1,0.5,
scenario-000015,20.0,20.0,6.0,400.0,2400.0,4,0.01,0.0016666666666666668,0.1,0.5,
scenario-000016,20.0,20.0,6.0,400.0,2400.0,4,0.01,0.0016666666666666668,0.1,0.5,
scenario-000017,20.0,20.0,6.0,400.0,2400.0,4,0.01,0.0016666666666666668,0.1,0.5,
scenario-000018,20.0,20.0,6.0,400.0,2400.0,4,0.01,0.0016666666666666668,0.1,0.5,
scenario-000019,20.0,20.0,6.0,400.0,2400.0,4,0.01,0.0016666666666666668,0.1,0.5,
scenario-000020,20.0,20.0,6.0,400.0,2400.0,4,0.01,0.0016666666666666668,0.1,0.5,
scenario-000021,20.0,20.0,6.0,400.0,2400.0,4,0.01,0.0016666666666666668,0.1,0.5,
scenario-000022,20.0,20.0,6.0,400.0,2400.0,4,0.01,0.0016666666666666668,0.1,0.5,
scenario-000023,20.0,20.0,6.0,400.0,2400.0,4,0.01,0.0016666666666666668,0.1,0.5,
scenario-000024,20.0,20.0,6.0,400.0,2400.0,4,0.01,0.0016666666666666668,0.1,0.5,
scenario-000025,20.0,20.0,6.0,400.0,2400.0,4,0.01,0.0016666666666666668,0.1,0.5,
scenario-000026,20.0,20.0,6.0,400.0,2400.0,4,0.01,0.0016666666666666668,0.1,0.5,
scenario-000027,20.0,20.0,6.0,400.0,2400.0,4,0.01,0.0016666666666666668,0.1,0.5,
scenario-000028,20.0,20.0,6.0,400.0,2400.0,4,0.01,0.0016666666666666668,0.1,0.5,
scenario-000029,20.0,20.0,6.0,400.0,2400.0,4,0.01,0.0016666666666666668,0.1,0.5,
scenario-000030,20.0,20.0,6.0,400.0,2400.0,4,0.01,0.0016666666666666668,0.1,0.5,
scenario-000031,20.0,20.0,6.0,400.0,2400.0,4,0.01,0.0016666666666666668,0.1,0.5,
scenario-000032,20.0,20.0,6.0,400.0,2400.0,5,0.0125,0.0020833333333333333,0.1,0.5,
scenario-000033,20.0,20.0,6.0,400.0,2400.0,5,0.0125,0.0020833333333333333,0.1,0.5,
scenario-000034,20.0,20.0,6.0,400.0,2400.0,5,0.0125,0.0020833333333333333,0.1,0.5,
scenario-000035,20.0,20.0,6.0,400.0,2400.0,5,0.0125,0.0020833333333333333,0.1,0.5,
scenario-000036,20.0,20.0,6.0,400.0,2400.0,5,0.0125,0.0020833333333333333,0.1,0.5,
scenario-000037,20.0,20.0,6.0,400.0,2400.0,5,0.0125,0.0020833333333333333,0.1,0.5,
scenario-000038,20.0,20.0,6.0,400.0,2400.0,5,0.0125,0.0020833333333333333,0.1,0.5,
scenario-000039,20.0,20.0,6.0,400.0,2400.0,5,0.0125,0.0020833333333333333,0.1,0.5,
scenario-000040,20.0,20.0,6.0,400.0,2400.0,5,0.0125,0.0020833333333333333,0.1,0.5,
scenario-000041,20.0,20.0,6.0,400.0,2400.0,5,0.0125,0.0020833333333333333,0.1,0.5,
scenario-000042,20.0,20.0,6.0,400.0,2400.0,5,0.0125,0.0020833333333333333,0.1,0.5,
scenario-000043,20.0,20.0,6.0,400.0,2400.0,5,0.0125,0.0020833333333333333,0.1,0.5,
scenario-000044,20.0,20.0,6.0,400.0,2400.0,5,0.0125,0.0020833333333333333,0.1,0.5,
scenario-000045,20.0,20.0,6.0,400.0,2400.0,5,0.0125,0.0020833333333333333,0.1,0.5,
scenario-000046,20.0,20.0,6.0,400.0,2400.0,5,0.0125,0.0020833333333333333,0.1,0.5,
scenario-000047,20.0,20.0,6.0,400.0,2400.0,5,0.0125,0.0020833333333333333,0.1,0.5,
scenario-000048,20.0,20.0,6.0,400.0,2400.0,5,0.0125,0.0020833333333333333,0.1,0.5,
scenario-000049,20.0,20.0,6.0,400.0,2400.0,5,0.0125,0.0020833333333333333,0.1,0.5,
scenario-000050,20.0,20.0,6.0,400.0,2400.0,5,0.0125,0.0020833333333333333,0.1,0.5,
scenario-000051,20.0,20.0,6.0,400.0,2400.0,5,0.0125,0.0020833333333333333,0.1,0.5,
scenario-000052,20.0,20.0,6.0,400.0,2400.0,5,0.0125,0.0020833333333333333,0.1,0.5,
scenario-000053,20.0,20.0,6.0,400.0,2400.0,5,0.0125,0.0020833333333333333,0.1,0.5,
scenario-000054,20.0,20.0,6.0,400.0,2400.0,5,0.0125,0.0020833333333333333,0.1,0.5,
scenario-000055,20.0,20.0,6.0,400.0,2400.0,5,0.0125,0.0020833333333333333,0.1,0.5,
scenario-000056,20.0,20.0,6.0,400.0,2400.0,5,0.0125,0.0020833333333333333,0.1,0.5,
scenario-000057,20.0,20.0,6.0,400.0,2400.0,5,0.0125,0.0020833333333333333,0.1,0.5,
scenario-000058,20.0,20.0,6.0,400.0,2400.0,5,0.0125,0.0020833333333333333,0.1,0.5,
scenario-000059,20.0,20.0,6.0,400.0,2400.0,5,0.0125,0.0020833333333333333,0.1,0.5,
scenario-000060,20.0,20.0,6.0,400.0,2400.0,5,0.0125,0.0020833333333333333,0.1,0.5,
scenario-000061,20.0,20.0,6.0,400.0,2400.0,5,0.0125,0.0020833333333333333,0.1,0.5,
scenario-000062,20.0,20.0,6.0,400.0,2400.0,5,0.0125,0.0020833333333333333,0.1,0.5,
scenario-000063,20.0,20.0,6.0,400.0,2400.0,5,0.0125,0.0020833333333333333,0.1,0.5,
scenario-000064,20.0,20.0,6.0,400.0,2400.0,8,0.02,0.0033333333333333335,0.1,0.5,
scenario-000065,20.0,20.0,6.0,400.0,2400.0,8,0.02,0.0033333333333333335,0.1,0.5,
scenario-000066,20.0,20.0,6.0,400.0,2400.0,8,0.02,0.0033333333333333335,0.1,0.5,
scenario-000067,20.0,20.0,6.0,400.0,2400.0,8,0.02,0.0033333333333333335,0.1,0.5,
scenario-000068,20.0,20.0,6.0,400.0,2400.0,8,0.02,0.0033333333333333335,0.1,0.5,
scenario-000069,20.0,20.0,6.0,400.0,2400.0,8,0.02,0.0033333333333333335,0.1,0.5,
scenario-000070,20.0,20.0,6.0,400.0,2400.0,8,0.02,0.0033333333333333335,0.1,0.5,
scenario-000071,20.0,20.0,6.0,400.0,2400.0,8,0.02,0.0033333333333333335,0.1,0.5,
scenario-000072,20.0,20.0,6.0,400.0,2400.0,8,0.02,0.0033333333333333335,0.1,0.5,
scenario-000073,20.0,20.0,6.0,400.0,2400.0,8,0.02,0.0033333333333333335,0.1,0.5,
scenario-000074,20.0,20.0,6.0,400.0,2400.0,8,0.02,0.0033333333333333335,0.1,0.5,
scenario-000075,20.0,20.0,6.0,400.0,2400.0,8,0.02,0.0033333333333333335,0.1,0.5,
scenario-000076,20.0,20.0,6.0,400.0,2400.0,8,0.02,0.0033333333333333335,0.1,0.5,
scenario-000077,20.0,20.0,6.0,400.0,2400.0,8,0.02,0.0033333333333333335,0.1,0.5,
scenario-000078,20.0,20.0,6.0,400.0,2400.0,8,0.02,0.0033333333333333335,0.1,0.5,
scenario-000079,20.0,20.0,6.0,400.0,2400.0,8,0.02,0.0033333333333333335,0.1,0.5,
scenario-000080,20.0,20.0,6.0,400.0,2400.0,8,0.02,0.0033333333333333335,0.1,0.5,
scenario-000081,20.0,20.0,6.0,400.0,2400.0,8,0.02,0.0033333333333333335,0.1,0.5,
scenario-000082,20.0,20.0,6.0,400.0,2400.0,8,0.02,0.0033333333333333335,0.1,0.5,
scenario-000083,20.0,20.0,6.0,400.0,2400.0,8,0.02,0.0033333333333333335,0.1,0.5,
scenario-000084,20.0,20.0,6.0,400.0,2400.0,8,0.02,0.0033333333333333335,0.1,0.5,
scenario-000085,20.0,20.0,6.0,400.0,2400.0,8,0.02,0.0033333333333333335,0.1,0.5,
scenario-000086,20.0,20.0,6.0,400.0,2400.0,8,0.02,0.0033333333333333335,0.1,0.5,
scenario-000087,20.0,20.0,6.0,400.0,2400.0,8,0.02,0.0033333333333333335,0.1,0.5,
scenario-000088,20.0,20.0,6.0,400.0,2400.0,8,0.02,0.0033333333333333335,0.1,0.5,
scenario-000089,20.0,20.0,6.0,400.0,2400.0,8,0.02,0.0033333333333333335,0.1,0.5,
scenario-000090,20.0,20.0,6.0,400.0,2400.0,8,0.02,0.0033333333333333335,0.1,0.5,
scenario-000091,20.0,20.0,6.0,400.0,2400.0,8,0.02,0.0033333333333333335,0.1,0.5,
scenario-000092,20.0,20.0,6.0,400.0,2400.0,8,0.02,0.0033333333333333335,0.1,0.5,
scenario-000093,20.0,20.0,6.0,400.0,2400.0,8,0.02,0.0033333333333333335,0.1,0.5,
scenario-000094,20.0,20.0,6.0,400.0,2400.0,8,0.02,0.0033333333333333335,0.1,0.5,
scenario-000095,20.0,20.0,6.0,400.0,2400.0,8,0.02,0.0033333333333333335,0.1,0.5,
