scenario_id,method,geometry_valid_fraction,jacobian_rank,geometry_valid,failure_reason,redundant,reference_count,condition_number,hull_contains_tag,crlb_crlb_x_m,crlb_crlb_y_m,crlb_crlb_z_m
scenario-000000,UWB_SS_TWR,0.0,3,False,COPLANAR_WEAK_VERTICAL,False,4,4.546234028149045,,0.15926591250660804,0.15926591250660802,0.6217531824986616
scenario-000001,UWB_SS_TWR,0.0,3,False,COPLANAR_WEAK_VERTICAL,False,4,4.546234028149045,,0.15926591250660804,0.15926591250660802,0.6217531824986616
scenario-000002,UWB_SS_TWR,0.0,3,False,COPLANAR_WEAK_VERTICAL,False,4,4.546234028149045,,0.15926591250660804,0.15926591250660802,0.6217531824986616
scenario-000003,UWB_SS_TWR,0.0,3,False,COPLANAR_WEAK_VERTICAL,False,4,4.546234028149045,,0.15926591250660804,0.15926591250660802,0.6217531824986616
scenario-000004,UWB_DS_TWR,0.0,3,False,COPLANAR_WEAK_VERTICAL,False,4,4.546234028149045,,0.15926591250660804,0.15926591250660802,0.6217531824986616
scenario-000005,UWB_DS_TWR,0.0,3,False,COPLANAR_WEAK_VERTICAL,False,4,4.546234028149045,,0.15926591250660804,0.15926591250660802,0.6217531824986616
scenario-000006,UWB_DS_TWR,0.0,3,False,COPLANAR_WEAK_VERTICAL,False,4,4.546234028149045,,0.15926591250660804,0.15926591250660802,0.6217531824986616
scenario-000007,UWB_DS_TWR,0.0,3,False,COPLANAR_WEAK_VERTICAL,False,4,4.546234028149045,,0.15926591250660804,0.15926591250660802,0.6217531824986616
scenario-000008,TDOA,0.0,3,False,COPLANAR_WEAK_VERTICAL,False,4,112.23865528306885,,0.7469556987515527,0.7469556987515525,8.528057929532968
scenario-000009,TDOA,0.0,3,False,COPLANAR_WEAK_VERTICAL,False,4,112.23865528306885,,0.7469556987515527,0.7469556987515525,8.528057929532968
scenario-000010,TDOA,0.0,3,False,COPLANAR_WEAK_VERTICAL,False,4,112.23865528306885,,0.7469556987515527,0.7469556987515525,8.528057929532968
scenario-000011,TDOA,0.0,3,False,COPLANAR_WEAK_VERTICAL,False,4,112.23865528306885,,0.7469556987515527,0.7469556987515525,8.528057929532968
scenario-000012,SX1280_RANGING,0.0,3,False,COPLANAR_WEAK_VERTICAL,False,4,4.546234028149045,,0.15926591250660804,0.15926591250660802,0.6217531824986616
scenario-000013,SX1280_RANGING,0.0,3,False,COPLANAR_WEAK_VERTICAL,False,4,4.546234028149045,,0.15926591250660804,0.15926591250660802,0.6217531824986616
scenario-000014,SX1280_RANGING,0.0,3,False,COPLANAR_WEAK_VERTICAL,False,4,4.546234028149045,,0.15926591250660804,0.15926591250660802,0.6217531824986616
scenario-000015,SX1280_RANGING,0.0,3,False,COPLANAR_WEAK_VERTICAL,False,4,4.546234028149045,,0.15926591250660804,0.15926591250660802,0.6217531824986616
scenario-000016,UWB_SS_TWR,0.0,3,False,COPLANAR_WEAK_VERTICAL,False,4,4.546234028149045,,2.222249370734652,2.222249370734652,8.67536936695472
scenario-000017,UWB_SS_TWR,0.0,3,False,COPLANAR_WEAK_VERTICAL,False,4,4.546234028149045,,2.222249370734652,2.222249370734652,8.67536936695472
scenario-000018,UWB_SS_TWR,0.0,3,False,COPLANAR_WEAK_VERTICAL,False,4,4.546234028149045,,2.222249370734652,2.222249370734652,8.67536936695472
scenario-000019,UWB_SS_TWR,0.0,3,False,COPLANAR_WEAK_VERTICAL,False,4,4.546234028149045,,2.222249370734652,2.222249370734652,8.67536936695472
scenario-000020,UWB_DS_TWR,0.0,3,False,COPLANAR_WEAK_VERTICAL,False,4,4.546234028149045,,2.222249370734652,2.222249370734652,8.67536936695472
scenario-000021,UWB_DS_TWR,0.0,3,False,COPLANAR_WEAK_VERTICAL,False,4,4.546234028149045,,2.222249370734652,2.222249370734652,8.67536936695472
scenario-000022,UWB_DS_TWR,0.0,3,False,COPLANAR_WEAK_VERTICAL,False,4,4.546234028149045,,2.222249370734652,2.222249370734652,8.67536936695472
scenario-000023,UWB_DS_TWR,0.0,3,False,COPLANAR_WEAK_VERTICAL,False,4,4.546234028149045,,2.222249370734652,2.222249370734652,8.67536936695472
scenario-000024,TDOA,0.0,3,False,COPLANAR_WEAK_VERTICAL,False,4,112.23865528306885,,10.422329583227247,10.422329583227247,118.99263985133688
scenario-000025,TDOA,0.0,3,False,COPLANAR_WEAK_VERTICAL,False,4,112.23865528306885,,10.422329583227247,10.422329583227247,118.99263985133688
scenario-000026,TDOA,0.0,3,False,COPLANAR_WEAK_VERTICAL,False,4,112.23865528306885,,10.422329583227247,10.422329583227247,118.99263985133688
scenario-000027,TDOA,0.0,3,False,COPLANAR_WEAK_VERTICAL,False,4,112.23865528306885,,10.422329583227247,10.422329583227247,118.99263985133688
scenario-000028,SX1280_RANGING,0.0,3,False,COPLANAR_WEAK_VERTICAL,False,4,4.546234028149045,,2.222249370734652,2.222249370734652,8.67536936695472
scenario-000029,SX1280_RANGING,0.0,3,False,COPLANAR_WEAK_VERTICAL,False,4,4.546234028149045,,2.222249370734652,2.222249370734652,8.67536936695472
scenario-000030,SX1280_RANGING,0.0,3,False,COPLANAR_WEAK_VERTICAL,False,4,4.546234028149045,,2.222249370734652,2.222249370734652,8.67536936695472
scenario-000031,SX1280_RANGING,0.0,3,False,COPLANAR_WEAK_VERTICAL,False,4,4.546234028149045,,2.222249370734652,2.222249370734652,8.67536936695472
scenario-000032,UWB_SS_TWR,1.0,3,True,,True,5,3.743972556046877,True,0.15789707716491053,0.1578970771649105,0.43349782119445224
scenario-000033,UWB_SS_TWR,1.0,3,True,,True,5,3.743972556046877,True,0.15789707716491053,0.1578970771649105,0.43349782119445224
scenario-000034,UWB_SS_TWR,1.0,3,True,,True,5,3.743972556046877,True,0.15789707716491053,0.1578970771649105,0.43349782119445224
scenario-000035,UWB_SS_TWR,1.0,3,True,,True,5,3.743972556046877,True,0.15789707716491053,0.1578970771649105,0.43349782119445224
scenario-000036,UWB_DS_TWR,1.0,3,True,,True,5,3.743972556046877,True,0.15789707716491053,0.1578970771649105,0.43349782119445224
scenario-000037,UWB_DS_TWR,1.0,3,True,,True,5,3.743972556046877,True,0.15789707716491053,0.1578970771649105,0.43349782119445224
scenario-000038,UWB_DS_TWR,1.0,3,True,,True,5,3.743972556046877,True,0.15789707716491053,0.1578970771649105,0.43349782119445224
scenario-000039,UWB_DS_TWR,1.0,3,True,,True,5,3.743972556046877,True,0.15789707716491053,0.1578970771649105,0.43349782119445224
scenario-000040,TDOA,1.0,3,True,,True,5,8.159623589535645,,0.17658721756515408,0.1765872175651541,0.4931706942895472
scenario-000041,TDOA,1.0,3,True,,True,5,8.159623589535645,,0.17658721756515408,0.1765872175651541,0.4931706942895472
scenario-000042,TDOA,1.0,3,True,,True,5,8.159623589535645,,0.17658721756515408,0.1765872175651541,0.4931706942895472
scenario-000043,TDOA,1.0,3,True,,True,5,8.159623589535645,,0.17658721756515408,0.1765872175651541,0.4931706942895472
scenario-000044,SX1280_RANGING,1.0,3,True,,True,5,3.743972556046877,True,0.15789707716491053,0.1578970771649105,0.43349782119445224
scenario-000045,SX1280_RANGING,1.0,3,True,,True,5,3.743972556046877,True,0.15789707716491053,0.1578970771649105,0.43349782119445224
scenario-000046,SX1280_RANGING,1.0,3,True,,True,5,3.743972556046877,True,0.15789707716491053,0.1578970771649105,0.43349782119445224
scenario-000047,SX1280_RANGING,1.0,3,True,,True,5,3.743972556046877,True,0.15789707716491053,0.1578970771649105,0.43349782119445224
scenario-000048,UWB_SS_TWR,1.0,3,True,,True,5,3.743972556046877,True,2.2031499072722465,2.2031499072722465,6.048628015892883
scenario-000049,UWB_SS_TWR,1.0,3,True,,True,5,3.743972556046877,True,2.2031499072722465,2.2031499072722465,6.048628015892883
scenario-000050,UWB_SS_TWR,1.0,3,True,,True,5,3.743972556046877,True,2.2031499072722465,2.2031499072722465,6.048628015892883
scenario-000051,UWB_SS_TWR,1.0,3,True,,True,5,3.743972556046877,True,2.2031499072722465,2.2031499072722465,6.048628015892883
scenario-000052,UWB_DS_TWR,1.0,3,True,,True,5,3.743972556046877,True,2.2031499072722465,2.2031499072722465,6.048628015892883
scenario-000053,UWB_DS_TWR,1.0,3,True,,True,5,3.743972556046877,True,2.2031499072722465,2.2031499072722465,6.048628015892883
scenario-000054,UWB_DS_TWR,1.0,3,True,,True,5,3.743972556046877,True,2.2031499072722465,2.2031499072722465,6.048628015892883
scenario-000055,UWB_DS_TWR,1.0,3,True,,True,5,3.743972556046877,True,2.2031499072722465,2.2031499072722465,6.048628015892883
scenario-000056,TDOA,1.0,3,True,,True,5,8.159623589535645,,2.4639348554742693,2.463934855474269,6.8812481453258
scenario-000057,TDOA,1.0,3,True,,True,5,8.159623589535645,,2.4639348554742693,2.463934855474269,6.8812481453258
scenario-000058,TDOA,1.0,3,True,,True,5,8.159623589535645,,2.4639348554742693,2.463934855474269,6.8812481453258
scenario-000059,TDOA,1.0,3,True,,True,5,8.159623589535645,,2.4639348554742693,2.463934855474269,6.8812481453258
scenario-000060,SX1280_RANGING,1.0,3,True,,True,5,3.743972556046877,True,2.2031499072722465,2.2031499072722465,6.048628015892883
scenario-000061,SX1280_RANGING,1.0,3,True,,True,5,3.743972556046877,True,2.2031499072722465,2.2031499072722465,6.048628015892883
scenario-000062,SX1280_RANGING,1.0,3,True,,True,5,3.743972556046877,True,2.2031499072722465,2.2031499072722465,6.048628015892883
scenario-000063,SX1280_RANGING,1.0,3,True,,True,5,3.743972556046877,True,2.2031499072722465,2.2031499072722465,6.048628015892883
scenario-000064,UWB_SS_TWR,1.0,3,True,,True,8,2.631309345862642,True,0.11777393445777136,0.12239069556638717,0.2524860847230094
scenario-000065,UWB_SS_TWR,1.0,3,True,,True,8,2.631309345862642,True,0.11777393445777136,0.12239069556638717,0.2524860847230094
scenario-000066,UWB_SS_TWR,1.0,3,True,,True,8,2.631309345862642,True,0.11777393445777136,0.12239069556638717,0.2524860847230094
scenario-000067,UWB_SS_TWR,1.0,3,True,,True,8,2.631309345862642,True,0.11777393445777136,0.12239069556638717,0.2524860847230094
scenario-000068,UWB_DS_TWR,1.0,3,True,,True,8,2.631309345862642,True,0.11777393445777136,0.12239069556638717,0.2524860847230094
scenario-000069,UWB_DS_TWR,1.0,3,True,,True,8,2.631309345862642,True,0.11777393445777136,0.12239069556638717,0.2524860847230094
scenario-000070,UWB_DS_TWR,1.0,3,True,,True,8,2.631309345862642,True,0.11777393445777136,0.12239069556638717,0.2524860847230094
scenario-000071,UWB_DS_TWR,1.0,3,True,,True,8,2.631309345862642,True,0.11777393445777136,0.12239069556638717,0.2524860847230094
scenario-000072,TDOA,1.0,3,True,,True,8,4.418356608936134,,0.12625994138554378,0.122586477050703,0.2636079957761487
scenario-000073,TDOA,1.0,3,True,,True,8,4.418356608936134,,0.12625994138554378,0.122586477050703,0.2636079957761487
scenario-000074,TDOA,1.0,3,True,,True,8,4.418356608936134,,0.12625994138554378,0.122586477050703,0.2636079957761487
scenario-000075,TDOA,1.0,3,True,,True,8,4.418356608936134,,0.12625994138554378,0.122586477050703,0.2636079957761487
scenario-000076,SX1280_RANGING,1.0,3,True,,True,8,2.631309345862642,True,0.11777393445777136,0.12239069556638717,0.2524860847230094
scenario-000077,SX1280_RANGING,1.0,3,True,,True,8,2.631309345862642,True,0.11777393445777136,0.12239069556638717,0.2524860847230094
scenario-000078,SX1280_RANGING,1.0,3,True,,True,8,2.631309345862642,True,0.11777393445777136,0.12239069556638717,0.2524860847230094
scenario-000079,SX1280_RANGING,1.0,3,True,,True,8,2.631309345862642,True,0.11777393445777136,0.12239069556638717,0.2524860847230094
scenario-000080,UWB_SS_TWR,1.0,3,True,,True,8,2.631309345862642,True,1.643308650411101,1.70772666872389,3.5229575121524124
scenario-000081,UWB_SS_TWR,1.0,3,True,,True,8,2.631309345862642,True,1.643308650411101,1.70772666872389,3.5229575121524124
scenario-000082,UWB_SS_TWR,1.0,3,True,,True,8,2.631309345862642,True,1.643308650411101,1.70772666872389,3.5229575121524124
scenario-000083,UWB_SS_TWR,1.0,3,True,,True,8,2.631309345862642,True,1.643308650411101,1.70772666872389,3.5229575121524124
scenario-000084,UWB_DS_TWR,1.0,3,True,,True,8,2.631309345862642,True,1.643308650411101,1.70772666872389,3.5229575121524124
scenario-000085,UWB_DS_TWR,1.0,3,True,,True,8,2.631309345862642,True,1.643308650411101,1.70772666872389,3.5229575121524124
scenario-000086,UWB_DS_TWR,1.0,3,True,,True,8,2.631309345862642,True,1.643308650411101,1.70772666872389,3.5229575121524124
scenario-000087,UWB_DS_TWR,1.0,3,True,,True,8,2.631309345862642,True,1.643308650411101,1.70772666872389,3.5229575121524124
scenario-000088,TDOA,1.0,3,True,,True,8,4.418356608936134,,1.7617145494418167,1.7104584226408133,3.678142381596337
scenario-000089,TDOA,1.0,3,True,,True,8,4.418356608936134,,1.7617145494418167,1.7104584226408133,3.678142381596337
scenario-000090,TDOA,1.0,3,True,,True,8,4.418356608936134,,1.7617145494418167,1.7104584226408133,3.678142381596337
scenario-000091,TDOA,1.0,3,True,,True,8,4.418356608936134,,1.7617145494418167,1.7104584226408133,3.678142381596337
scenario-000092,SX1280_RANGING,1.0,3,True,,True,8,2.631309345862642,True,1.643308650411101,1.70772666872389,3.5229575121524124
scenario-000093,SX1280_RANGING,1.0,3,True,,True,8,2.631309345862642,True,1.643308650411101,1.70772666872389,3.5229575121524124
scenario-000094,SX1280_RANGING,1.0,3,True,,True,8,2.631309345862642,True,1.643308650411101,1.70772666872389,3.5229575121524124
scenario-000095,SX1280_RANGING,1.0,3,True,,True,8,2.631309345862642,True,1.643308650411101,1.70772666872389,3.5229575121524124
