scenario_id,method,path_id,path_type,sample_count,path_3d_length_m,horizontal_path_length_m,vertical_travel_m,duration_s,mean_speed_m_s,max_speed_m_s,vertical_speed_m_s,horizontal_rmse_m,vertical_rmse_m,error_3d_rmse_m,error_3d_p95_m,cross_track_rmse_m,along_track_rmse_m,dropouts,longest_outage
scenario-000000,UWB_SS_TWR,scenario-000000-default-path,STRAIGHT_LINE,5,17.06575518399347,16.97056274847714,1.7999999999999998,5.0,3.413151036798694,3.413151036798694,0.35999999999999993,0.19960039545344155,0.5652962862202283,0.5994999658711855,1.1050515210268181,0.5812896458707403,0.14663750094372857,0,0
scenario-000001,UWB_SS_TWR,scenario-000001-default-path,STRAIGHT_LINE,5,17.06575518399347,16.97056274847714,1.7999999999999998,5.0,3.413151036798694,3.413151036798694,0.35999999999999993,0.19960039545344155,0.5652962862202283,0.5994999658711855,1.1050515210268181,0.5812896458707403,0.14663750094372857,0,0
scenario-000002,UWB_SS_TWR,scenario-000002-default-path,STRAIGHT_LINE,5,17.06575518399347,16.97056274847714,1.7999999999999998,5.0,3.413151036798694,3.413151036798694,0.35999999999999993,0.19960039545344155,0.5652962862202283,0.5994999658711855,1.1050515210268181,0.5812896458707403,0.14663750094372857,0,0
scenario-000003,UWB_SS_TWR,scenario-000003-default-path,STRAIGHT_LINE,5,17.06575518399347,16.97056274847714,1.7999999999999998,5.0,3.413151036798694,3.413151036798694,0.35999999999999993,0.19960039545344155,0.5652962862202283,0.5994999658711855,1.1050515210268181,0.5812896458707403,0.14663750094372857,0,0
scenario-000004,UWB_DS_TWR,scenario-000004-default-path,STRAIGHT_LINE,5,17.06575518399347,16.97056274847714,1.7999999999999998,5.0,3.413151036798694,3.413151036798694,0.35999999999999993,0.19960039545344155,0.5652962862202283,0.5994999658711855,1.1050515210268181,0.5812896458707403,0.14663750094372857,0,0
scenario-000005,UWB_DS_TWR,scenario-000005-default-path,STRAIGHT_LINE,5,17.06575518399347,16.97056274847714,1.7999999999999998,5.0,3.413151036798694,3.413151036798694,0.35999999999999993,0.19960039545344155,0.5652962862202283,0.5994999658711855,1.1050515210268181,0.5812896458707403,0.14663750094372857,0,0
scenario-000006,UWB_DS_TWR,scenario-000006-default-path,STRAIGHT_LINE,5,17.06575518399347,16.97056274847714,1.7999999999999998,5.0,3.413151036798694,3.413151036798694,0.35999999999999993,0.19960039545344155,0.5652962862202283,0.5994999658711855,1.1050515210268181,0.5812896458707403,0.14663750094372857,0,0
scenario-000007,UWB_DS_TWR,scenario-000007-default-path,STRAIGHT_LINE,5,17.06575518399347,16.97056274847714,1.7999999999999998,5.0,3.413151036798694,3.413151036798694,0.35999999999999993,0.19960039545344155,0.5652962862202283,0.5994999658711855,1.1050515210268181,0.5812896458707403,0.14663750094372857,0,0
scenario-000008,TDOA,scenario-000008-default-path,STRAIGHT_LINE,5,17.06575518399347,16.97056274847714,1.7999999999999998,5.0,3.413151036798694,3.413151036798694,0.35999999999999993,134.96331355318392,15028.470108103029,15029.076115521922,21185.388532684374,14947.670967490332,1562.1336478669568,0,0
scenario-000009,TDOA,scenario-000009-default-path,STRAIGHT_LINE,5,17.06575518399347,16.97056274847714,1.7999999999999998,5.0,3.413151036798694,3.413151036798694,0.35999999999999993,134.96331355318392,15028.470108103029,15029.076115521922,21185.388532684374,14947.670967490332,1562.1336478669568,0,0
scenario-000010,TDOA,scenario-000010-default-path,STRAIGHT_LINE,5,17.06575518399347,16.97056274847714,1.7999999999999998,5.0,3.413151036798694,3.413151036798694,0.35999999999999993,134.96331355318392,15028.470108103029,15029.076115521922,21185.388532684374,14947.670967490332,1562.1336478669568,0,0
scenario-000011,TDOA,scenario-000011-default-path,STRAIGHT_LINE,5,17.06575518399347,16.97056274847714,1.7999999999999998,5.0,3.413151036798694,3.413151036798694,0.35999999999999993,134.96331355318392,15028.470108103029,15029.076115521922,21185.388532684374,14947.670967490332,1562.1336478669568,0,0
scenario-000012,SX1280_RANGING,scenario-000012-default-path,STRAIGHT_LINE,5,17.06575518399347,16.97056274847714,1.7999999999999998,5.0,3.413151036798694,3.413151036798694,0.35999999999999993,0.19960039545344155,0.5652962862202283,0.5994999658711855,1.1050515210268181,0.5812896458707403,0.14663750094372857,0,0
scenario-000013,SX1280_RANGING,scenario-000013-default-path,STRAIGHT_LINE,5,17.06575518399347,16.97056274847714,1.7999999999999998,5.0,3.413151036798694,3.413151036798694,0.35999999999999993,0.19960039545344155,0.5652962862202283,0.5994999658711855,1.1050515210268181,0.5812896458707403,0.14663750094372857,0,0
scenario-000014,SX1280_RANGING,scenario-000014-default-path,STRAIGHT_LINE,5,17.06575518399347,16.97056274847714,1.7999999999999998,5.0,3.413151036798694,3.413151036798694,0.35999999999999993,0.19960039545344155,0.5652962862202283,0.5994999658711855,1.1050515210268181,0.5812896458707403,0.14663750094372857,0,0
scenario-000015,SX1280_RANGING,scenario-000015-default-path,STRAIGHT_LINE,5,17.06575518399347,16.97056274847714,1.7999999999999998,5.0,3.413151036798694,3.413151036798694,0.35999999999999993,0.19960039545344155,0.5652962862202283,0.5994999658711855,1.1050515210268181,0.5812896458707403,0.14663750094372857,0,0
scenario-000016,UWB_SS_TWR,scenario-000016-default-path,STRAIGHT_LINE,5,17.06575518399347,16.97056274847714,1.7999999999999998,5.0,3.413151036798694,3.413151036798694,0.35999999999999993,3.9297902116229615,6.191292536515107,7.333168099810294,10.483313551943858,6.754135392165185,2.8560478785162116,0,0
scenario-000017,UWB_SS_TWR,scenario-000017-default-path,STRAIGHT_LINE,5,17.06575518399347,16.97056274847714,1.7999999999999998,5.0,3.413151036798694,3.413151036798694,0.35999999999999993,3.9297902116229615,6.191292536515107,7.333168099810294,10.483313551943858,6.754135392165185,2.8560478785162116,0,0
scenario-000018,UWB_SS_TWR,scenario-000018-default-path,STRAIGHT_LINE,5,17.06575518399347,16.97056274847714,1.7999999999999998,5.0,3.413151036798694,3.413151036798694,0.35999999999999993,3.9297902116229615,6.191292536515107,7.333168099810294,10.483313551943858,6.754135392165185,2.8560478785162116,0,0
scenario-000019,UWB_SS_TWR,scenario-000019-default-path,STRAIGHT_LINE,5,17.06575518399347,16.97056274847714,1.7999999999999998,5.0,3.413151036798694,3.413151036798694,0.35999999999999993,3.9297902116229615,6.191292536515107,7.333168099810294,10.483313551943858,6.754135392165185,2.8560478785162116,0,0
scenario-000020,UWB_DS_TWR,scenario-000020-default-path,STRAIGHT_LINE,5,17.06575518399347,16.97056274847714,1.7999999999999998,5.0,3.413151036798694,3.413151036798694,0.35999999999999993,3.9297902116229615,6.191292536515107,7.333168099810294,10.483313551943858,6.754135392165185,2.8560478785162116,0,0
scenario-000021,UWB_DS_TWR,scenario-000021-default-path,STRAIGHT_LINE,5,17.06575518399347,16.97056274847714,1.7999999999999998,5.0,3.413151036798694,3.413151036798694,0.35999999999999993,3.9297902116229615,6.191292536515107,7.333168099810294,10.483313551943858,6.754135392165185,2.8560478785162116,0,0
scenario-000022,UWB_DS_TWR,scenario-000022-default-path,STRAIGHT_LINE,5,17.06575518399347,16.97056274847714,1.7999999999999998,5.0,3.413151036798694,3.413151036798694,0.35999999999999993,3.9297902116229615,6.191292536515107,7.333168099810294,10.483313551943858,6.754135392165185,2.8560478785162116,0,0
scenario-000023,UWB_DS_TWR,scenario-000023-default-path,STRAIGHT_LINE,5,17.06575518399347,16.97056274847714,1.7999999999999998,5.0,3.413151036798694,3.413151036798694,0.35999999999999993,3.9297902116229615,6.191292536515107,7.333168099810294,10.483313551943858,6.754135392165185,2.8560478785162116,0,0
scenario-000024,TDOA,scenario-000024-default-path,STRAIGHT_LINE,5,17.06575518399347,16.97056274847714,1.7999999999999998,5.0,3.413151036798694,3.413151036798694,0.35999999999999993,21395.603436835074,333262.26962903974,333948.3675730802,237748.72459521133,331661.9871552037,39010.74827514286,0,0
scenario-000025,TDOA,scenario-000025-default-path,STRAIGHT_LINE,5,17.06575518399347,16.97056274847714,1.7999999999999998,5.0,3.413151036798694,3.413151036798694,0.35999999999999993,21395.603436835074,333262.26962903974,333948.3675730802,237748.72459521133,331661.9871552037,39010.74827514286,0,0
scenario-000026,TDOA,scenario-000026-default-path,STRAIGHT_LINE,5,17.06575518399347,16.97056274847714,1.7999999999999998,5.0,3.413151036798694,3.413151036798694,0.35999999999999993,21395.603436835074,333262.26962903974,333948.3675730802,237748.72459521133,331661.9871552037,39010.74827514286,0,0
scenario-000027,TDOA,scenario-000027-default-path,STRAIGHT_LINE,5,17.06575518399347,16.97056274847714,1.7999999999999998,5.0,3.413151036798694,3.413151036798694,0.35999999999999993,21395.603436835074,333262.26962903974,333948.3675730802,237748.72459521133,331661.9871552037,39010.74827514286,0,0
scenario-000028,SX1280_RANGING,scenario-000028-default-path,STRAIGHT_LINE,5,17.06575518399347,16.97056274847714,1.7999999999999998,5.0,3.413151036798694,3.413151036798694,0.35999999999999993,3.9297902116229615,6.191292536515107,7.333168099810294,10.483313551943858,6.754135392165185,2.8560478785162116,0,0
scenario-000029,SX1280_RANGING,scenario-000029-default-path,STRAIGHT_LINE,5,17.06575518399347,16.97056274847714,1.7999999999999998,5.0,3.413151036798694,3.413151036798694,0.35999999999999993,3.9297902116229615,6.191292536515107,7.333168099810294,10.483313551943858,6.754135392165185,2.8560478785162116,0,0
scenario-000030,SX1280_RANGING,scenario-000030-default-path,STRAIGHT_LINE,5,17.06575518399347,16.97056274847714,1.7999999999999998,5.0,3.413151036798694,3.413151036798694,0.35999999999999993,3.9297902116229615,6.191292536515107,7.333168099810294,10.483313551943858,6.754135392165185,2.8560478785162116,0,0
scenario-000031,SX1280_RANGING,scenario-000031-default-path,STRAIGHT_LINE,5,17.06575518399347,16.97056274847714,1.7999999999999998,5.0,3.413151036798694,3.413151036798694,0.35999999999999993,3.9297902116229615,6.191292536515107,7.333168099810294,10.483313551943858,6.754135392165185,2.8560478785162116,0,0
scenario-000032,UWB_SS_TWR,scenario-000032-default-path,STRAIGHT_LINE,5,17.06575518399347,16.97056274847714,1.7999999999999998,5.0,3.413151036798694,3.413151036798694,0.35999999999999993,0.22122293833212522,0.3874939302325674,0.4461962958288438,0.8798701903591429,0.4226190519805344,0.14312327314051823,0,0
scenario-000033,UWB_SS_TWR,scenario-000033-default-path,STRAIGHT_LINE,5,17.06575518399347,16.97056274847714,1.7999999999999998,5.0,3.413151036798694,3.413151036798694,0.35999999999999993,0.22122293833212522,0.3874939302325674,0.4461962958288438,0.8798701903591429,0.4226190519805344,0.14312327314051823,0,0
scenario-000034,UWB_SS_TWR,scenario-000034-default-path,STRAIGHT_LINE,5,17.06575518399347,16.97056274847714,1.7999999999999998,5.0,3.413151036798694,3.413151036798694,0.35999999999999993,0.22122293833212522,0.3874939302325674,0.4461962958288438,0.8798701903591429,0.4226190519805344,0.14312327314051823,0,0
scenario-000035,UWB_SS_TWR,scenario-000035-default-path,STRAIGHT_LINE,5,17.06575518399347,16.97056274847714,1.7999999999999998,5.0,3.413151036798694,3.413151036798694,0.35999999999999993,0.22122293833212522,0.3874939302325674,0.4461962958288438,0.8798701903591429,0.4226190519805344,0.14312327314051823,0,0
scenario-000036,UWB_DS_TWR,scenario-000036-default-path,STRAIGHT_LINE,5,17.06575518399347,16.97056274847714,1.7999999999999998,5.0,3.413151036798694,3.413151036798694,0.35999999999999993,0.22122293833212522,0.3874939302325674,0.4461962958288438,0.8798701903591429,0.4226190519805344,0.14312327314051823,0,0
scenario-000037,UWB_DS_TWR,scenario-000037-default-path,STRAIGHT_LINE,5,17.06575518399347,16.97056274847714,1.7999999999999998,5.0,3.413151036798694,3.413151036798694,0.35999999999999993,0.22122293833212522,0.3874939302325674,0.4461962958288438,0.8798701903591429,0.4226190519805344,0.14312327314051823,0,0
scenario-000038,UWB_DS_TWR,scenario-000038-default-path,STRAIGHT_LINE,5,17.06575518399347,16.97056274847714,1.7999999999999998,5.0,3.413151036798694,3.413151036798694,0.35999999999999993,0.22122293833212522,0.3874939302325674,0.4461962958288438,0.8798701903591429,0.4226190519805344,0.14312327314051823,0,0
scenario-000039,UWB_DS_TWR,scenario-000039-default-path,STRAIGHT_LINE,5,17.06575518399347,16.97056274847714,1.7999999999999998,5.0,3.413151036798694,3.413151036798694,0.35999999999999993,0.22122293833212522,0.3874939302325674,0.4461962958288438,0.8798701903591429,0.4226190519805344,0.14312327314051823,0,0
scenario-000040,TDOA,scenario-000040-default-path,STRAIGHT_LINE,5,17.06575518399347,16.97056274847714,1.7999999999999998,5.0,3.413151036798694,3.413151036798694,0.35999999999999993,0.27926448410279114,0.4847257791709513,0.5594173156723734,0.8812108155062054,0.5007465345683876,0.24940056373599995,0,0
scenario-000041,TDOA,scenario-000041-default-path,STRAIGHT_LINE,5,17.06575518399347,16.97056274847714,1.7999999999999998,5.0,3.413151036798694,3.413151036798694,0.35999999999999993,0.27926448410279114,0.4847257791709513,0.5594173156723734,0.8812108155062054,0.5007465345683876,0.24940056373599995,0,0
scenario-000042,TDOA,scenario-000042-default-path,STRAIGHT_LINE,5,17.06575518399347,16.97056274847714,1.7999999999999998,5.0,3.413151036798694,3.413151036798694,0.35999999999999993,0.27926448410279114,0.4847257791709513,0.5594173156723734,0.8812108155062054,0.5007465345683876,0.24940056373599995,0,0
scenario-000043,TDOA,scenario-000043-default-path,STRAIGHT_LINE,5,17.06575518399347,16.97056274847714,1.7999999999999998,5.0,3.413151036798694,3.413151036798694,0.35999999999999993,0.27926448410279114,0.4847257791709513,0.5594173156723734,0.8812108155062054,0.5007465345683876,0.24940056373599995,0,0
scenario-000044,SX1280_RANGING,scenario-000044-default-path,STRAIGHT_LINE,5,17.06575518399347,16.97056274847714,1.7999999999999998,5.0,3.413151036798694,3.413151036798694,0.35999999999999993,0.22122293833212522,0.3874939302325674,0.4461962958288438,0.8798701903591429,0.4226190519805344,0.14312327314051823,0,0
scenario-000045,SX1280_RANGING,scenario-000045-default-path,STRAIGHT_LINE,5,17.06575518399347,16.97056274847714,1.7999999999999998,5.0,3.413151036798694,3.413151036798694,0.35999999999999993,0.22122293833212522,0.3874939302325674,0.4461962958288438,0.8798701903591429,0.4226190519805344,0.14312327314051823,0,0
scenario-000046,SX1280_RANGING,scenario-000046-default-path,STRAIGHT_LINE,5,17.06575518399347,16.97056274847714,1.7999999999999998,5.0,3.413151036798694,3.413151036798694,0.35999999999999993,0.22122293833212522,0.3874939302325674,0.4461962958288438,0.8798701903591429,0.4226190519805344,0.14312327314051823,0,0
scenario-000047,SX1280_RANGING,scenario-000047-default-path,STRAIGHT_LINE,5,17.06575518399347,16.97056274847714,1.7999999999999998,5.0,3.413151036798694,3.413151036798694,0.35999999999999993,0.22122293833212522,0.3874939302325674,0.4461962958288438,0.8798701903591429,0.4226190519805344,0.14312327314051823,0,0
scenario-000048,UWB_SS_TWR,scenario-000048-default-path,STRAIGHT_LINE,5,17.06575518399347,16.97056274847714,1.7999999999999998,5.0,3.413151036798694,3.413151036798694,0.35999999999999993,3.4113526595131995,7.490731116883825,8.230940385704379,12.482531032715762,7.853196266691892,2.4648910786961578,0,0
scenario-000049,UWB_SS_TWR,scenario-000049-default-path,STRAIGHT_LINE,5,17.06575518399347,16.97056274847714,1.7999999999999998,5.0,3.413151036798694,3.413151036798694,0.35999999999999993,3.4113526595131995,7.490731116883825,8.230940385704379,12.482531032715762,7.853196266691892,2.4648910786961578,0,0
scenario-000050,UWB_SS_TWR,scenario-000050-default-path,STRAIGHT_LINE,5,17.06575518399347,16.97056274847714,1.7999999999999998,5.0,3.413151036798694,3.413151036798694,0.35999999999999993,3.4113526595131995,7.490731116883825,8.230940385704379,12.482531032715762,7.853196266691892,2.4648910786961578,0,0
scenario-000051,UWB_SS_TWR,scenario-000051-default-path,STRAIGHT_LINE,5,17.06575518399347,16.97056274847714,1.7999999999999998,5.0,3.413151036798694,3.413151036798694,0.35999999999999993,3.4113526595131995,7.490731116883825,8.230940385704379,12.482531032715762,7.853196266691892,2.4648910786961578,0,0
scenario-000052,UWB_DS_TWR,scenario-000052-default-path,STRAIGHT_LINE,5,17.06575518399347,16.97056274847714,1.7999999999999998,5.0,3.413151036798694,3.413151036798694,0.35999999999999993,3.4113526595131995,7.490731116883825,8.230940385704379,12.482531032715762,7.853196266691892,2.4648910786961578,0,0
scenario-000053,UWB_DS_TWR,scenario-000053-default-path,STRAIGHT_LINE,5,17.06575518399347,16.97056274847714,1.7999999999999998,5.0,3.413151036798694,3.413151036798694,0.35999999999999993,3.4113526595131995,7.490731116883825,8.230940385704379,12.482531032715762,7.853196266691892,2.4648910786961578,0,0
scenario-000054,UWB_DS_TWR,scenario-000054-default-path,STRAIGHT_LINE,5,17.06575518399347,16.97056274847714,1.7999999999999998,5.0,3.413151036798694,3.413151036798694,0.35999999999999993,3.4113526595131995,7.490731116883825,8.230940385704379,12.482531032715762,7.853196266691892,2.4648910786961578,0,0
scenario-000055,UWB_DS_TWR,scenario-000055-default-path,STRAIGHT_LINE,5,17.06575518399347,16.97056274847714,1.7999999999999998,5.0,3.413151036798694,3.413151036798694,0.35999999999999993,3.4113526595131995,7.490731116883825,8.230940385704379,12.482531032715762,7.853196266691892,2.4648910786961578,0,0
scenario-000056,TDOA,scenario-000056-default-path,STRAIGHT_LINE,5,17.06575518399347,16.97056274847714,1.7999999999999998,5.0,3.413151036798694,3.413151036798694,0.35999999999999993,13025.999157760774,10648.64549297113,16824.693307545276,28.664713128939336,9715.12993112693,13736.32248144606,0,0
scenario-000057,TDOA,scenario-000057-default-path,STRAIGHT_LINE,5,17.06575518399347,16.97056274847714,1.7999999999999998,5.0,3.413151036798694,3.413151036798694,0.35999999999999993,13025.999157760774,10648.64549297113,16824.693307545276,28.664713128939336,9715.12993112693,13736.32248144606,0,0
scenario-000058,TDOA,scenario-000058-default-path,STRAIGHT_LINE,5,17.06575518399347,16.97056274847714,1.7999999999999998,5.0,3.413151036798694,3.413151036798694,0.35999999999999993,13025.999157760774,10648.64549297113,16824.693307545276,28.664713128939336,9715.12993112693,13736.32248144606,0,0
scenario-000059,TDOA,scenario-000059-default-path,STRAIGHT_LINE,5,17.06575518399347,16.97056274847714,1.7999999999999998,5.0,3.413151036798694,3.413151036798694,0.35999999999999993,13025.999157760774,10648.64549297113,16824.693307545276,28.664713128939336,9715.12993112693,13736.32248144606,0,0
scenario-000060,SX1280_RANGING,scenario-000060-default-path,STRAIGHT_LINE,5,17.06575518399347,16.97056274847714,1.7999999999999998,5.0,3.413151036798694,3.413151036798694,0.35999999999999993,3.4113526595131995,7.490731116883825,8.230940385704379,12.482531032715762,7.853196266691892,2.4648910786961578,0,0
scenario-000061,SX1280_RANGING,scenario-000061-default-path,STRAIGHT_LINE,5,17.06575518399347,16.97056274847714,1.7999999999999998,5.0,3.413151036798694,3.413151036798694,0.35999999999999993,3.4113526595131995,7.490731116883825,8.230940385704379,12.482531032715762,7.853196266691892,2.4648910786961578,0,0
scenario-000062,SX1280_RANGING,scenario-000062-default-path,STRAIGHT_LINE,5,17.06575518399347,16.97056274847714,1.7999999999999998,5.0,3.413151036798694,3.413151036798694,0.35999999999999993,3.4113526595131995,7.490731116883825,8.230940385704379,12.482531032715762,7.853196266691892,2.4648910786961578,0,0
scenario-000063,SX1280_RANGING,scenario-000063-default-path,STRAIGHT_LINE,5,17.06575518399347,16.97056274847714,1.7999999999999998,5.0,3.413151036798694,3.413151036798694,0.35999999999999993,3.4113526595131995,7.490731116883825,8.230940385704379,12.482531032715762,7.853196266691892,2.4648910786961578,0,0
scenario-000064,UWB_SS_TWR,scenario-000064-default-path,STRAIGHT_LINE,5,17.06575518399347,16.97056274847714,1.7999999999999998,5.0,3.413151036798694,3.413151036798694,0.35999999999999993,0.1924215045766016,0.2681788054819899,0.33006954893366053,0.6113123106160281,0.30803686105899086,0.11857149472868267,0,0
scenario-000065,UWB_SS_TWR,scenario-000065-default-path,STRAIGHT_LINE,5,17.06575518399347,16.97056274847714,1.7999999999999998,5.0,3.413151036798694,3.413151036798694,0.35999999999999993,0.1924215045766016,0.2681788054819899,0.33006954893366053,0.6113123106160281,0.30803686105899086,0.11857149472868267,0,0
scenario-000066,UWB_SS_TWR,scenario-000066-default-path,STRAIGHT_LINE,5,17.06575518399347,16.97056274847714,1.7999999999999998,5.0,3.413151036798694,3.413151036798694,0.35999999999999993,0.1924215045766016,0.2681788054819899,0.33006954893366053,0.6113123106160281,0.30803686105899086,0.11857149472868267,0,0
scenario-000067,UWB_SS_TWR,scenario-000067-default-path,STRAIGHT_LINE,5,17.06575518399347,16.97056274847714,1.7999999999999998,5.0,3.413151036798694,3.413151036798694,0.35999999999999993,0.1924215045766016,0.2681788054819899,0.33006954893366053,0.6113123106160281,0.30803686105899086,0.11857149472868267,0,0
scenario-000068,UWB_DS_TWR,scenario-000068-default-path,STRAIGHT_LINE,5,17.06575518399347,16.97056274847714,1.7999999999999998,5.0,3.413151036798694,3.413151036798694,0.35999999999999993,0.1924215045766016,0.2681788054819899,0.33006954893366053,0.6113123106160281,0.30803686105899086,0.11857149472868267,0,0
scenario-000069,UWB_DS_TWR,scenario-000069-default-path,STRAIGHT_LINE,5,17.06575518399347,16.97056274847714,1.7999999999999998,5.0,3.413151036798694,3.413151036798694,0.35999999999999993,0.1924215045766016,0.2681788054819899,0.33006954893366053,0.6113123106160281,0.30803686105899086,0.11857149472868267,0,0
scenario-000070,UWB_DS_TWR,scenario-000070-default-path,STRAIGHT_LINE,5,17.06575518399347,16.97056274847714,1.7999999999999998,5.0,3.413151036798694,3.413151036798694,0.35999999999999993,0.1924215045766016,0.2681788054819899,0.33006954893366053,0.6113123106160281,0.30803686105899086,0.11857149472868267,0,0
scenario-000071,UWB_DS_TWR,scenario-000071-default-path,STRAIGHT_LINE,5,17.06575518399347,16.97056274847714,1.7999999999999998,5.0,3.413151036798694,3.413151036798694,0.35999999999999993,0.1924215045766016,0.2681788054819899,0.33006954893366053,0.6113123106160281,0.30803686105899086,0.11857149472868267,0,0
scenario-000072,TDOA,scenario-000072-default-path,STRAIGHT_LINE,5,17.06575518399347,16.97056274847714,1.7999999999999998,5.0,3.413151036798694,3.413151036798694,0.35999999999999993,0.20902187294207247,0.30379174763421113,0.3687540769928654,0.6915845869488576,0.3367237635731353,0.15032190906186416,0,0
scenario-000073,TDOA,scenario-000073-default-path,STRAIGHT_LINE,5,17.06575518399347,16.97056274847714,1.7999999999999998,5.0,3.413151036798694,3.413151036798694,0.35999999999999993,0.20902187294207247,0.30379174763421113,0.3687540769928654,0.6915845869488576,0.3367237635731353,0.15032190906186416,0,0
scenario-000074,TDOA,scenario-000074-default-path,STRAIGHT_LINE,5,17.06575518399347,16.97056274847714,1.7999999999999998,5.0,3.413151036798694,3.413151036798694,0.35999999999999993,0.20902187294207247,0.30379174763421113,0.3687540769928654,0.6915845869488576,0.3367237635731353,0.15032190906186416,0,0
scenario-000075,TDOA,scenario-000075-default-path,STRAIGHT_LINE,5,17.06575518399347,16.97056274847714,1.7999999999999998,5.0,3.413151036798694,3.413151036798694,0.35999999999999993,0.20902187294207247,0.30379174763421113,0.3687540769928654,0.6915845869488576,0.3367237635731353,0.15032190906186416,0,0
scenario-000076,SX1280_RANGING,scenario-000076-default-path,STRAIGHT_LINE,5,17.06575518399347,16.97056274847714,1.7999999999999998,5.0,3.413151036798694,3.413151036798694,0.35999999999999993,0.1924215045766016,0.2681788054819899,0.33006954893366053,0.6113123106160281,0.30803686105899086,0.11857149472868267,0,0
scenario-000077,SX1280_RANGING,scenario-000077-default-path,STRAIGHT_LINE,5,17.06575518399347,16.97056274847714,1.7999999999999998,5.0,3.413151036798694,3.413151036798694,0.35999999999999993,0.1924215045766016,0.2681788054819899,0.33006954893366053,0.6113123106160281,0.30803686105899086,0.11857149472868267,0,0
scenario-000078,SX1280_RANGING,scenario-000078-default-path,STRAIGHT_LINE,5,17.06575518399347,16.97056274847714,1.7999999999999998,5.0,3.413151036798694,3.413151036798694,0.35999999999999993,0.1924215045766016,0.2681788054819899,0.33006954893366053,0.6113123106160281,0.30803686105899086,0.11857149472868267,0,0
scenario-000079,SX1280_RANGING,scenario-000079-default-path,STRAIGHT_LINE,5,17.06575518399347,16.97056274847714,1.7999999999999998,5.0,3.413151036798694,3.413151036798694,0.35999999999999993,0.1924215045766016,0.2681788054819899,0.33006954893366053,0.6113123106160281,0.30803686105899086,0.11857149472868267,0,0
scenario-000080,UWB_SS_TWR,scenario-000080-default-path,STRAIGHT_LINE,5,17.06575518399347,16.97056274847714,1.7999999999999998,5.0,3.413151036798694,3.413151036798694,0.35999999999999993,3.0818738182954326,7.0149070332263985,7.662040649637932,10.864421763985797,7.426220899883739,1.8862953275757315,0,0
scenario-000081,UWB_SS_TWR,scenario-000081-default-path,STRAIGHT_LINE,5,17.06575518399347,16.97056274847714,1.7999999999999998,5.0,3.413151036798694,3.413151036798694,0.35999999999999993,3.0818738182954326,7.0149070332263985,7.662040649637932,10.864421763985797,7.426220899883739,1.8862953275757315,0,0
scenario-000082,UWB_SS_TWR,scenario-000082-default-path,STRAIGHT_LINE,5,17.06575518399347,16.97056274847714,1.7999999999999998,5.0,3.413151036798694,3.413151036798694,0.35999999999999993,3.0818738182954326,7.0149070332263985,7.662040649637932,10.864421763985797,7.426220899883739,1.8862953275757315,0,0
scenario-000083,UWB_SS_TWR,scenario-000083-default-path,STRAIGHT_LINE,5,17.06575518399347,16.97056274847714,1.7999999999999998,5.0,3.413151036798694,3.413151036798694,0.35999999999999993,3.0818738182954326,7.0149070332263985,7.662040649637932,10.864421763985797,7.426220899883739,1.8862953275757315,0,0
scenario-000084,UWB_DS_TWR,scenario-000084-default-path,STRAIGHT_LINE,5,17.06575518399347,16.97056274847714,1.7999999999999998,5.0,3.413151036798694,3.413151036798694,0.35999999999999993,3.0818738182954326,7.0149070332263985,7.662040649637932,10.864421763985797,7.426220899883739,1.8862953275757315,0,0
scenario-000085,UWB_DS_TWR,scenario-000085-default-path,STRAIGHT_LINE,5,17.06575518399347,16.97056274847714,1.7999999999999998,5.0,3.413151036798694,3.413151036798694,0.35999999999999993,3.0818738182954326,7.0149070332263985,7.662040649637932,10.864421763985797,7.426220899883739,1.8862953275757315,0,0
scenario-000086,UWB_DS_TWR,scenario-000086-default-path,STRAIGHT_LINE,5,17.06575518399347,16.97056274847714,1.7999999999999998,5.0,3.413151036798694,3.413151036798694,0.35999999999999993,3.0818738182954326,7.0149070332263985,7.662040649637932,10.864421763985797,7.426220899883739,1.8862953275757315,0,0
scenario-000087,UWB_DS_TWR,scenario-000087-default-path,STRAIGHT_LINE,5,17.06575518399347,16.97056274847714,1.7999999999999998,5.0,3.413151036798694,3.413151036798694,0.35999999999999993,3.0818738182954326,7.0149070332263985,7.662040649637932,10.864421763985797,7.426220899883739,1.8862953275757315,0,0
scenario-000088,TDOA,scenario-000088-default-path,STRAIGHT_LINE,5,17.06575518399347,16.97056274847714,1.7999999999999998,5.0,3.413151036798694,3.413151036798694,0.35999999999999993,6162.605545033765,5065.147991654501,7977.056554960767,32.412989798642855,4547.897990451741,6553.629158678995,0,0
scenario-000089,TDOA,scenario-000089-default-path,STRAIGHT_LINE,5,17.06575518399347,16.97056274847714,1.7999999999999998,5.0,3.413151036798694,3.413151036798694,0.35999999999999993,6162.605545033765,5065.147991654501,7977.056554960767,32.412989798642855,4547.897990451741,6553.629158678995,0,0
scenario-000090,TDOA,scenario-000090-default-path,STRAIGHT_LINE,5,17.06575518399347,16.97056274847714,1.7999999999999998,5.0,3.413151036798694,3.413151036798694,0.35999999999999993,6162.605545033765,5065.147991654501,7977.056554960767,32.412989798642855,4547.897990451741,6553.629158678995,0,0
scenario-000091,TDOA,scenario-000091-default-path,STRAIGHT_LINE,5,17.06575518399347,16.97056274847714,1.7999999999999998,5.0,3.413151036798694,3.413151036798694,0.35999999999999993,6162.605545033765,5065.147991654501,7977.056554960767,32.412989798642855,4547.897990451741,6553.629158678995,0,0
scenario-000092,SX1280_RANGING,scenario-000092-default-path,STRAIGHT_LINE,5,17.06575518399347,16.97056274847714,1.7999999999999998,5.0,3.413151036798694,3.413151036798694,0.35999999999999993,3.0818738182954326,7.0149070332263985,7.662040649637932,10.864421763985797,7.426220899883739,1.8862953275757315,0,0
scenario-000093,SX1280_RANGING,scenario-000093-default-path,STRAIGHT_LINE,5,17.06575518399347,16.97056274847714,1.7999999999999998,5.0,3.413151036798694,3.413151036798694,0.35999999999999993,3.0818738182954326,7.0149070332263985,7.662040649637932,10.864421763985797,7.426220899883739,1.8862953275757315,0,0
scenario-000094,SX1280_RANGING,scenario-000094-default-path,STRAIGHT_LINE,5,17.06575518399347,16.97056274847714,1.7999999999999998,5.0,3.413151036798694,3.413151036798694,0.35999999999999993,3.0818738182954326,7.0149070332263985,7.662040649637932,10.864421763985797,7.426220899883739,1.8862953275757315,0,0
scenario-000095,SX1280_RANGING,scenario-000095-default-path,STRAIGHT_LINE,5,17.06575518399347,16.97056274847714,1.7999999999999998,5.0,3.413151036798694,3.413151036798694,0.35999999999999993,3.0818738182954326,7.0149070332263985,7.662040649637932,10.864421763985797,7.426220899883739,1.8862953275757315,0,0
