scenario_id,method,anchor_count,tag_count,requested_update_rate_hz,frames_per_fix,frame_duration_s,guard_duration_s,scheduling_model,frames_per_second_offered,airtime_fraction,scheduled_occupancy,overloaded,collision_probability,packet_delivery_probability,requested_fixes_per_second,achievable_fixes_per_second,achieved_per_tag_update_rate_hz,max_supported_tags,energy_per_valid_fix_j
scenario-000000,SS_TWR,4,1,1.0,8,0.001,0.0002,scheduled,8.0,0.009600000000000001,0.009600000000000001,False,,,1.0,1.0,1.0,104,
scenario-000001,SS_TWR,4,1,5.0,8,0.001,0.0002,scheduled,40.0,0.048,0.048,False,,,5.0,5.0,5.0,20,
scenario-000002,SS_TWR,4,10,1.0,8,0.001,0.0002,scheduled,80.0,0.096,0.096,False,,,10.0,10.0,1.0,104,
scenario-000003,SS_TWR,4,10,5.0,8,0.001,0.0002,scheduled,400.0,0.48000000000000004,0.48000000000000004,False,,,50.0,50.0,5.0,20,
scenario-000004,DS_TWR,4,1,1.0,12,0.001,0.0002,scheduled,12.0,0.014400000000000001,0.014400000000000001,False,,,1.0,1.0,1.0,69,
scenario-000005,DS_TWR,4,1,5.0,12,0.001,0.0002,scheduled,60.0,0.07200000000000001,0.07200000000000001,False,,,5.0,5.0,5.0,13,
scenario-000006,DS_TWR,4,10,1.0,12,0.001,0.0002,scheduled,120.0,0.14400000000000002,0.14400000000000002,False,,,10.0,10.0,1.0,69,
scenario-000007,DS_TWR,4,10,5.0,12,0.001,0.0002,scheduled,600.0,0.7200000000000001,0.7200000000000001,False,,,50.0,50.0,5.0,13,
scenario-000008,TDOA,4,1,1.0,1,0.001,0.0002,scheduled,1.0,0.0012000000000000001,0.0012000000000000001,False,,,1.0,1.0,1.0,833,
scenario-000009,TDOA,4,1,5.0,1,0.001,0.0002,scheduled,5.0,0.006,0.006,False,,,5.0,5.0,5.0,166,
scenario-000010,TDOA,4,10,1.0,1,0.001,0.0002,scheduled,10.0,0.012,0.012,False,,,10.0,10.0,1.0,833,
scenario-000011,TDOA,4,10,5.0,1,0.001,0.0002,scheduled,50.0,0.060000000000000005,0.060000000000000005,False,,,50.0,50.0,5.0,166,
scenario-000012,SS_TWR,4,1,1.0,8,0.001,0.0002,scheduled,8.0,0.009600000000000001,0.009600000000000001,False,,,1.0,1.0,1.0,104,
scenario-000013,SS_TWR,4,1,5.0,8,0.001,0.0002,scheduled,40.0,0.048,0.048,False,,,5.0,5.0,5.0,20,
scenario-000014,SS_TWR,4,10,1.0,8,0.001,0.0002,scheduled,80.0,0.096,0.096,False,,,10.0,10.0,1.0,104,
scenario-000015,SS_TWR,4,10,5.0,8,0.001,0.0002,scheduled,400.0,0.48000000000000004,0.48000000000000004,False,,,50.0,50.0,5.0,20,
scenario-000016,SS_TWR,4,1,1.0,8,0.001,0.0002,scheduled,8.0,0.009600000000000001,0.009600000000000001,False,,,1.0,1.0,1.0,104,
scenario-000017,SS_TWR,4,1,5.0,8,0.001,0.0002,scheduled,40.0,0.048,0.048,False,,,5.0,5.0,5.0,20,
scenario-000018,SS_TWR,4,10,1.0,8,0.001,0.0002,scheduled,80.0,0.096,0.096,False,,,10.0,10.0,1.0,104,
scenario-000019,SS_TWR,4,10,5.0,8,0.001,0.0002,scheduled,400.0,0.48000000000000004,0.48000000000000004,False,,,50.0,50.0,5.0,20,
scenario-000020,DS_TWR,4,1,1.0,12,0.001,0.0002,scheduled,12.0,0.014400000000000001,0.014400000000000001,False,,,1.0,1.0,1.0,69,
scenario-000021,DS_TWR,4,1,5.0,12,0.001,0.0002,scheduled,60.0,0.07200000000000001,0.07200000000000001,False,,,5.0,5.0,5.0,13,
scenario-000022,DS_TWR,4,10,1.0,12,0.001,0.0002,scheduled,120.0,0.14400000000000002,0.14400000000000002,False,,,10.0,10.0,1.0,69,
scenario-000023,DS_TWR,4,10,5.0,12,0.001,0.0002,scheduled,600.0,0.7200000000000001,0.7200000000000001,False,,,50.0,50.0,5.0,13,
scenario-000024,TDOA,4,1,1.0,1,0.001,0.0002,scheduled,1.0,0.0012000000000000001,0.0012000000000000001,False,,,1.0,1.0,1.0,833,
scenario-000025,TDOA,4,1,5.0,1,0.001,0.0002,scheduled,5.0,0.006,0.006,False,,,5.0,5.0,5.0,166,
scenario-000026,TDOA,4,10,1.0,1,0.001,0.0002,scheduled,10.0,0.012,0.012,False,,,10.0,10.0,1.0,833,
scenario-000027,TDOA,4,10,5.0,1,0.001,0.0002,scheduled,50.0,0.060000000000000005,0.060000000000000005,False,,,50.0,50.0,5.0,166,
scenario-000028,SS_TWR,4,1,1.0,8,0.001,0.0002,scheduled,8.0,0.009600000000000001,0.009600000000000001,False,,,1.0,1.0,1.0,104,
scenario-000029,SS_TWR,4,1,5.0,8,0.001,0.0002,scheduled,40.0,0.048,0.048,False,,,5.0,5.0,5.0,20,
scenario-000030,SS_TWR,4,10,1.0,8,0.001,0.0002,scheduled,80.0,0.096,0.096,False,,,10.0,10.0,1.0,104,
scenario-000031,SS_TWR,4,10,5.0,8,0.001,0.0002,scheduled,400.0,0.48000000000000004,0.48000000000000004,False,,,50.0,50.0,5.0,20,
scenario-000032,SS_TWR,5,1,1.0,10,0.001,0.0002,scheduled,10.0,0.012,0.012,False,,,1.0,1.0,1.0,83,
scenario-000033,SS_TWR,5,1,5.0,10,0.001,0.0002,scheduled,50.0,0.060000000000000005,0.060000000000000005,False,,,5.0,5.0,5.0,16,
scenario-000034,SS_TWR,5,10,1.0,10,0.001,0.0002,scheduled,100.0,0.12000000000000001,0.12000000000000001,False,,,10.0,10.0,1.0,83,
scenario-000035,SS_TWR,5,10,5.0,10,0.001,0.0002,scheduled,500.0,0.6000000000000001,0.6000000000000001,False,,,50.0,50.0,5.0,16,
scenario-000036,DS_TWR,5,1,1.0,15,0.001,0.0002,scheduled,15.0,0.018000000000000002,0.018000000000000002,False,,,1.0,1.0,1.0,55,
scenario-000037,DS_TWR,5,1,5.0,15,0.001,0.0002,scheduled,75.0,0.09000000000000001,0.09000000000000001,False,,,5.0,5.0,5.0,11,
scenario-000038,DS_TWR,5,10,1.0,15,0.001,0.0002,scheduled,150.0,0.18000000000000002,0.18000000000000002,False,,,10.0,10.0,1.0,55,
scenario-000039,DS_TWR,5,10,5.0,15,0.001,0.0002,scheduled,750.0,0.9000000000000001,0.9000000000000001,False,,,50.0,50.0,5.0,11,
scenario-000040,TDOA,5,1,1.0,1,0.001,0.0002,scheduled,1.0,0.0012000000000000001,0.0012000000000000001,False,,,1.0,1.0,1.0,833,
scenario-000041,TDOA,5,1,5.0,1,0.001,0.0002,scheduled,5.0,0.006,0.006,False,,,5.0,5.0,5.0,166,
scenario-000042,TDOA,5,10,1.0,1,0.001,0.0002,scheduled,10.0,0.012,0.012,False,,,10.0,10.0,1.0,833,
scenario-000043,TDOA,5,10,5.0,1,0.001,0.0002,scheduled,50.0,0.060000000000000005,0.060000000000000005,False,,,50.0,50.0,5.0,166,
scenario-000044,SS_TWR,5,1,1.0,10,0.001,0.0002,scheduled,10.0,0.012,0.012,False,,,1.0,1.0,1.0,83,
scenario-000045,SS_TWR,5,1,5.0,10,0.001,0.0002,scheduled,50.0,0.060000000000000005,0.060000000000000005,False,,,5.0,5.0,5.0,16,
scenario-000046,SS_TWR,5,10,1.0,10,0.001,0.0002,scheduled,100.0,0.12000000000000001,0.12000000000000001,False,,,10.0,10.0,1.0,83,
scenario-000047,SS_TWR,5,10,5.0,10,0.001,0.0002,scheduled,500.0,0.6000000000000001,0.6000000000000001,False,,,50.0,50.0,5.0,16,
scenario-000048,SS_TWR,5,1,1.0,10,0.001,0.0002,scheduled,10.0,0.012,0.012,False,,,1.0,1.0,1.0,83,
scenario-000049,SS_TWR,5,1,5.0,10,0.001,0.0002,scheduled,50.0,0.060000000000000005,0.060000000000000005,False,,,5.0,5.0,5.0,16,
scenario-000050,SS_TWR,5,10,1.0,10,0.001,0.0002,scheduled,100.0,0.12000000000000001,0.12000000000000001,False,,,10.0,10.0,1.0,83,
scenario-000051,SS_TWR,5,10,5.0,10,0.001,0.0002,scheduled,500.0,0.6000000000000001,0.6000000000000001,False,,,50.0,50.0,5.0,16,
scenario-000052,DS_TWR,5,1,1.0,15,0.001,0.0002,scheduled,15.0,0.018000000000000002,0.018000000000000002,False,,,1.0,1.0,1.0,55,
scenario-000053,DS_TWR,5,1,5.0,15,0.001,0.0002,scheduled,75.0,0.09000000000000001,0.09000000000000001,False,,,5.0,5.0,5.0,11,
scenario-000054,DS_TWR,5,10,1.0,15,0.001,0.0002,scheduled,150.0,0.18000000000000002,0.18000000000000002,False,,,10.0,10.0,1.0,55,
scenario-000055,DS_TWR,5,10,5.0,15,0.001,0.0002,scheduled,750.0,0.9000000000000001,0.9000000000000001,False,,,50.0,50.0,5.0,11,
scenario-000056,TDOA,5,1,1.0,1,0.001,0.0002,scheduled,1.0,0.0012000000000000001,0.0012000000000000001,False,,,1.0,1.0,1.0,833,
scenario-000057,TDOA,5,1,5.0,1,0.001,0.0002,scheduled,5.0,0.006,0.006,False,,,5.0,5.0,5.0,166,
scenario-000058,TDOA,5,10,1.0,1,0.001,0.0002,scheduled,10.0,0.012,0.012,False,,,10.0,10.0,1.0,833,
scenario-000059,TDOA,5,10,5.0,1,0.001,0.0002,scheduled,50.0,0.060000000000000005,0.060000000000000005,False,,,50.0,50.0,5.0,166,
scenario-000060,SS_TWR,5,1,1.0,10,0.001,0.0002,scheduled,10.0,0.012,0.012,False,,,1.0,1.0,1.0,83,
scenario-000061,SS_TWR,5,1,5.0,10,0.001,0.0002,scheduled,50.0,0.060000000000000005,0.060000000000000005,False,,,5.0,5.0,5.0,16,
scenario-000062,SS_TWR,5,10,1.0,10,0.001,0.0002,scheduled,100.0,0.12000000000000001,0.12000000000000001,False,,,10.0,10.0,1.0,83,
scenario-000063,SS_TWR,5,10,5.0,10,0.001,0.0002,scheduled,500.0,0.6000000000000001,0.6000000000000001,False,,,50.0,50.0,5.0,16,
scenario-000064,SS_TWR,8,1,1.0,16,0.001,0.0002,scheduled,16.0,0.019200000000000002,0.019200000000000002,False,,,1.0,1.0,1.0,52,
scenario-000065,SS_TWR,8,1,5.0,16,0.001,0.0002,scheduled,80.0,0.096,0.096,False,,,5.0,5.0,5.0,10,
scenario-000066,SS_TWR,8,10,1.0,16,0.001,0.0002,scheduled,160.0,0.192,0.192,False,,,10.0,10.0,1.0,52,
scenario-000067,SS_TWR,8,10,5.0,16,0.001,0.0002,scheduled,800.0,0.9600000000000001,0.9600000000000001,False,,,50.0,50.0,5.0,10,
scenario-000068,DS_TWR,8,1,1.0,24,0.001,0.0002,scheduled,24.0,0.028800000000000003,0.028800000000000003,False,,,1.0,1.0,1.0,34,
scenario-000069,DS_TWR,8,1,5.0,24,0.001,0.0002,scheduled,120.0,0.14400000000000002,0.14400000000000002,False,,,5.0,5.0,5.0,6,
scenario-000070,DS_TWR,8,10,1.0,24,0.001,0.0002,scheduled,240.0,0.28800000000000003,0.28800000000000003,False,,,10.0,10.0,1.0,34,
scenario-000071,DS_TWR,8,10,5.0,24,0.001,0.0002,scheduled,1200.0,1.4400000000000002,1.4400000000000002,True,,,50.0,34.72222222222222,3.4722222222222223,6,
scenario-000072,TDOA,8,1,1.0,1,0.001,0.0002,scheduled,1.0,0.0012000000000000001,0.0012000000000000001,False,,,1.0,1.0,1.0,833,
scenario-000073,TDOA,8,1,5.0,1,0.001,0.0002,scheduled,5.0,0.006,0.006,False,,,5.0,5.0,5.0,166,
scenario-000074,TDOA,8,10,1.0,1,0.001,0.0002,scheduled,10.0,0.012,0.012,False,,,10.0,10.0,1.0,833,
scenario-000075,TDOA,8,10,5.0,1,0.001,0.0002,scheduled,50.0,0.060000000000000005,0.060000000000000005,False,,,50.0,50.0,5.0,166,
scenario-000076,SS_TWR,8,1,1.0,16,0.001,0.0002,scheduled,16.0,0.019200000000000002,0.019200000000000002,False,,,1.0,1.0,1.0,52,
scenario-000077,SS_TWR,8,1,5.0,16,0.001,0.0002,scheduled,80.0,0.096,0.096,False,,,5.0,5.0,5.0,10,
scenario-000078,SS_TWR,8,10,1.0,16,0.001,0.0002,scheduled,160.0,0.192,0.192,False,,,10.0,10.0,1.0,52,
scenario-000079,SS_TWR,8,10,5.0,16,0.001,0.0002,scheduled,800.0,0.9600000000000001,0.9600000000000001,False,,,50.0,50.0,5.0,10,
scenario-000080,SS_TWR,8,1,1.0,16,0.001,0.0002,scheduled,16.0,0.019200000000000002,0.019200000000000002,False,,,1.0,1.0,1.0,52,
scenario-000081,SS_TWR,8,1,5.0,16,0.001,0.0002,scheduled,80.0,0.096,0.096,False,,,5.0,5.0,5.0,10,
scenario-000082,SS_TWR,8,10,1.0,16,0.001,0.0002,scheduled,160.0,0.192,0.192,False,,,10.0,10.0,1.0,52,
scenario-000083,SS_TWR,8,10,5.0,16,0.001,0.0002,scheduled,800.0,0.9600000000000001,0.9600000000000001,False,,,50.0,50.0,5.0,10,
scenario-000084,DS_TWR,8,1,1.0,24,0.001,0.0002,scheduled,24.0,0.028800000000000003,0.028800000000000003,False,,,1.0,1.0,1.0,34,
scenario-000085,DS_TWR,8,1,5.0,24,0.001,0.0002,scheduled,120.0,0.14400000000000002,0.14400000000000002,False,,,5.0,5.0,5.0,6,
scenario-000086,DS_TWR,8,10,1.0,24,0.001,0.0002,scheduled,240.0,0.28800000000000003,0.28800000000000003,False,,,10.0,10.0,1.0,34,
scenario-000087,DS_TWR,8,10,5.0,24,0.001,0.0002,scheduled,1200.0,1.4400000000000002,1.4400000000000002,True,,,50.0,34.72222222222222,3.4722222222222223,6,
scenario-000088,TDOA,8,1,1.0,1,0.001,0.0002,scheduled,1.0,0.0012000000000000001,0.0012000000000000001,False,,,1.0,1.0,1.0,833,
scenario-000089,TDOA,8,1,5.0,1,0.001,0.0002,scheduled,5.0,0.006,0.006,False,,,5.0,5.0,5.0,166,
scenario-000090,TDOA,8,10,1.0,1,0.001,0.0002,scheduled,10.0,0.012,0.012,False,,,10.0,10.0,1.0,833,
scenario-000091,TDOA,8,10,5.0,1,0.001,0.0002,scheduled,50.0,0.060000000000000005,0.060000000000000005,False,,,50.0,50.0,5.0,166,
scenario-000092,SS_TWR,8,1,1.0,16,0.001,0.0002,scheduled,16.0,0.019200000000000002,0.019200000000000002,False,,,1.0,1.0,1.0,52,
scenario-000093,SS_TWR,8,1,5.0,16,0.001,0.0002,scheduled,80.0,0.096,0.096,False,,,5.0,5.0,5.0,10,
scenario-000094,SS_TWR,8,10,1.0,16,0.001,0.0002,scheduled,160.0,0.192,0.192,False,,,10.0,10.0,1.0,52,
scenario-000095,SS_TWR,8,10,5.0,16,0.001,0.0002,scheduled,800.0,0.9600000000000001,0.9600000000000001,False,,,50.0,50.0,5.0,10,
