case,radio,condition,bandwidth_hz,snr_db,true_range_m,trials,mean_error_m,median_error_m,std_error_m,p95_abs_error_m,max_abs_error_m,std_ci_lo_m,std_ci_hi_m,std_at_quarter_m,std_at_half_m
sx1280_1600k_los,SX1280,LOS,1625000,-12.0,1000.0,300,0.097879,0.202249,3.638136,7.163463,12.211815,3.344386,3.927485,3.304352,3.712713
sx1280_1600k_los,SX1280,LOS,1625000,-12.0,250.0,300,0.180277,0.249295,3.383671,6.909448,10.624691,3.107575,3.658341,3.278179,3.566961
sx1280_1600k_los,SX1280,LOS,1625000,-12.0,3000.0,300,0.202379,0.322478,3.444590,6.763049,10.501100,3.175986,3.700155,3.732410,3.554870
sx1280_1600k_los,SX1280,LOS,1625000,-12.0,400.0,300,0.131002,-0.184818,3.632557,7.066977,10.879100,3.354660,3.921641,3.464579,3.329349
sx1280_1600k_los,SX1280,LOS,1625000,-12.0,50.0,300,0.337555,0.278311,3.417739,6.471084,11.653871,3.136427,3.719199,3.399895,3.382817
sx1280_1600k_los,SX1280,LOS,1625000,-20.0,1000.0,300,-0.117473,-0.306079,9.198939,18.451990,29.635515,8.423320,9.948912,8.777716,8.607119
sx1280_1600k_los,SX1280,LOS,1625000,-20.0,250.0,300,0.381357,-0.146855,9.033454,16.107125,32.866076,8.352872,9.773719,8.918318,9.119185
sx1280_1600k_los,SX1280,LOS,1625000,-20.0,3000.0,300,-0.200238,-0.429004,8.111313,15.893512,22.583018,7.493035,8.742997,8.360423,8.583617
sx1280_1600k_los,SX1280,LOS,1625000,-20.0,400.0,300,-0.240407,-0.559240,8.793930,18.835466,24.903188,8.052500,9.570427,9.636536,9.204144
sx1280_1600k_los,SX1280,LOS,1625000,-20.0,50.0,300,0.363694,1.143134,8.911653,17.263648,27.551445,8.220695,9.582916,8.829120,8.211523
sx1280_1600k_los,SX1280,LOS,1625000,-6.0,1000.0,300,0.065651,0.138692,1.848255,3.790821,5.205642,1.709264,1.990944,1.937590,1.857672
sx1280_1600k_los,SX1280,LOS,1625000,-6.0,250.0,300,-0.093598,-0.110554,1.737346,3.392079,5.342743,1.592034,1.866901,1.620064,1.754106
sx1280_1600k_los,SX1280,LOS,1625000,-6.0,3000.0,300,-0.172401,-0.179401,1.669429,3.162355,7.105397,1.516605,1.835164,1.549592,1.500783
sx1280_1600k_los,SX1280,LOS,1625000,-6.0,400.0,300,0.048548,-0.104647,1.863675,3.487275,7.930182,1.683045,2.044540,1.796450,1.920904
sx1280_1600k_los,SX1280,LOS,1625000,-6.0,50.0,300,0.095492,0.150673,1.823934,3.607078,5.307890,1.685824,1.974427,1.736369,1.695816
sx1280_1600k_los,SX1280,LOS,1625000,0.0,1000.0,300,-0.075489,-0.015516,0.976109,1.892255,2.636694,0.903985,1.043035,0.850007,0.899737
sx1280_1600k_los,SX1280,LOS,1625000,0.0,250.0,300,0.067485,0.100780,0.869545,1.623195,2.983306,0.795617,0.930184,0.785345,0.798385
sx1280_1600k_los,SX1280,LOS,1625000,0.0,3000.0,300,0.064371,0.026789,0.857590,1.802401,2.898098,0.777069,0.928191,0.814560,0.894010
sx1280_1600k_los,SX1280,LOS,1625000,0.0,400.0,300,-0.107014,-0.040510,0.879189,1.814636,2.631812,0.805216,0.952196,0.797577,0.842800
sx1280_1600k_los,SX1280,LOS,1625000,0.0,50.0,300,-0.067167,-0.092317,1.008570,2.017780,3.429039,0.911064,1.101399,1.043139,1.010820
sx1280_1600k_los,SX1280,LOS,1625000,12.0,1000.0,300,-0.040879,-0.043397,0.286867,0.423568,2.229103,0.230439,0.356765,0.200231,0.291442
sx1280_1600k_los,SX1280,LOS,1625000,12.0,250.0,300,0.005547,-0.008675,0.315112,0.487907,1.850599,0.249490,0.380820,0.360856,0.355577
sx1280_1600k_los,SX1280,LOS,1625000,12.0,3000.0,300,-0.018535,-0.022475,0.476495,0.567984,5.357667,0.292408,0.682296,0.677137,0.520676
sx1280_1600k_los,SX1280,LOS,1625000,12.0,400.0,300,-0.061657,-0.071622,0.296697,0.493820,1.875167,0.242018,0.363939,0.267005,0.286215
sx1280_1600k_los,SX1280,LOS,1625000,12.0,50.0,300,-0.051242,-0.045724,0.293328,0.505026,1.936365,0.243874,0.340844,0.254901,0.309940
sx1280_1600k_los,SX1280,LOS,1625000,18.0,1000.0,300,-0.036837,-0.045078,0.266161,0.605347,1.710570,0.205004,0.317083,0.210967,0.311693
sx1280_1600k_los,SX1280,LOS,1625000,18.0,250.0,300,0.038089,0.037243,0.238797,0.288156,1.892639,0.168363,0.313374,0.222517,0.242002
sx1280_1600k_los,SX1280,LOS,1625000,18.0,3000.0,300,-0.017419,-0.023594,0.226860,0.244775,1.587730,0.165004,0.289068,0.223516,0.251362
sx1280_1600k_los,SX1280,LOS,1625000,18.0,400.0,300,-0.033997,-0.040804,0.294794,0.338681,2.411101,0.199257,0.383710,0.294881,0.298804
sx1280_1600k_los,SX1280,LOS,1625000,18.0,50.0,300,-0.025235,-0.036244,0.289170,0.326922,2.745203,0.199121,0.381127,0.389436,0.316406
sx1280_1600k_los,SX1280,LOS,1625000,25.0,1000.0,300,-0.034600,-0.038604,0.247005,0.136568,2.442307,0.112407,0.350129,0.227877,0.184046
sx1280_1600k_los,SX1280,LOS,1625000,25.0,250.0,300,0.021783,0.027324,0.138193,0.135367,1.479079,0.071829,0.201206,0.216318,0.171636
sx1280_1600k_los,SX1280,LOS,1625000,25.0,3000.0,300,-0.049804,-0.018989,0.311122,0.390791,2.148471,0.225177,0.396086,0.050438,0.222131
sx1280_1600k_los,SX1280,LOS,1625000,25.0,400.0,300,-0.055786,-0.038689,0.158354,0.129406,1.891189,0.052776,0.237549,0.051722,0.159829
sx1280_1600k_los,SX1280,LOS,1625000,25.0,50.0,300,-0.040382,-0.031294,0.225077,0.155960,1.830086,0.128437,0.305485,0.195276,0.257853
sx1280_1600k_los,SX1280,LOS,1625000,6.0,1000.0,300,-0.048285,-0.051415,0.535836,0.902258,3.565929,0.455529,0.639289,0.410775,0.488946
sx1280_1600k_los,SX1280,LOS,1625000,6.0,250.0,300,0.085666,0.084364,0.453373,0.873993,2.348212,0.397509,0.512038,0.461666,0.423904
sx1280_1600k_los,SX1280,LOS,1625000,6.0,3000.0,300,0.032680,0.013284,0.465350,0.884438,2.288406,0.407674,0.520339,0.433998,0.421908
sx1280_1600k_los,SX1280,LOS,1625000,6.0,400.0,300,-0.070996,-0.037763,0.460072,0.890367,2.699160,0.408580,0.520620,0.537952,0.469415
sx1280_1600k_los,SX1280,LOS,1625000,6.0,50.0,300,-0.091831,-0.063161,0.464193,0.903676,2.245779,0.412097,0.513891,0.420266,0.463608
sx1280_1600k_nlos,SX1280,NLOS,1625000,-12.0,1000.0,1200,2.604824,0.793360,17.129480,35.552088,134.570741,15.416876,18.981568,15.004102,16.676853
sx1280_1600k_nlos,SX1280,NLOS,1625000,-12.0,250.0,1200,2.904707,0.550386,17.304259,32.790284,145.734183,15.244703,19.522030,18.606653,16.539032
sx1280_1600k_nlos,SX1280,NLOS,1625000,-12.0,3000.0,1200,2.404218,0.589665,18.781676,38.080148,154.558220,16.769897,20.682696,16.952804,19.413053
sx1280_1600k_nlos,SX1280,NLOS,1625000,-12.0,400.0,1200,2.387254,0.633550,18.824016,36.237437,155.451874,16.524844,21.397945,19.511770,19.828317
sx1280_1600k_nlos,SX1280,NLOS,1625000,-12.0,50.0,1200,2.469517,0.223159,20.981112,39.330287,163.352813,18.492862,23.606849,17.352833,18.381855
sx1280_1600k_nlos,SX1280,NLOS,1625000,-20.0,1000.0,1200,2.789629,1.396556,22.027667,38.916787,213.818066,18.939786,24.782116,16.494893,19.566556
sx1280_1600k_nlos,SX1280,NLOS,1625000,-20.0,250.0,1200,3.276944,1.759216,23.047417,45.876393,183.563682,20.499940,25.578097,24.924798,25.493586
sx1280_1600k_nlos,SX1280,NLOS,1625000,-20.0,3000.0,1200,3.097027,1.649230,20.894724,43.368373,151.588279,18.878118,22.956530,21.247224,20.890520
sx1280_1600k_nlos,SX1280,NLOS,1625000,-20.0,400.0,1200,-0.072094,1.652963,94.314624,42.145130,3176.341942,19.972322,160.519473,22.541020,131.592180
sx1280_1600k_nlos,SX1280,NLOS,1625000,-20.0,50.0,1200,17.899612,0.810626,389.254359,42.457980,10919.506477,20.280177,629.698251,629.680736,445.842694
sx1280_1600k_nlos,SX1280,NLOS,1625000,-6.0,1000.0,1200,2.713435,0.226465,17.602130,35.741974,152.452236,15.413381,19.678783,20.190402,18.479939
sx1280_1600k_nlos,SX1280,NLOS,1625000,-6.0,250.0,1200,2.313797,0.331149,16.955823,35.958234,145.747626,15.158450,18.777524,18.680683,16.984220
sx1280_1600k_nlos,SX1280,NLOS,1625000,-6.0,3000.0,1200,1.838430,0.133664,16.197655,34.027862,156.248097,14.055193,18.382258,15.670977,16.043876
sx1280_1600k_nlos,SX1280,NLOS,1625000,-6.0,400.0,1200,3.350108,0.446008,19.480599,36.356865,159.056533,17.215338,22.124793,21.490329,19.085572
sx1280_1600k_nlos,SX1280,NLOS,1625000,-6.0,50.0,1200,1.738467,0.106877,17.507736,36.093161,156.017176,15.428188,19.642549,14.949992,17.779837
sx1280_1600k_nlos,SX1280,NLOS,1625000,0.0,1000.0,1200,3.430358,0.186227,17.996194,38.549634,141.607911,15.965166,19.987939,17.268767,17.938441
sx1280_1600k_nlos,SX1280,NLOS,1625000,0.0,250.0,1200,2.510733,0.242949,16.147635,35.445138,140.608414,14.588040,17.992902,15.051542,16.054664
sx1280_1600k_nlos,SX1280,NLOS,1625000,0.0,3000.0,1200,1.828759,0.132113,17.435307,35.676577,151.986952,15.416526,19.438385,18.396990,17.618762
sx1280_1600k_nlos,SX1280,NLOS,1625000,0.0,400.0,1200,3.439773,0.168617,19.681262,38.592128,162.937279,17.232251,22.007201,25.479160,21.300136
sx1280_1600k_nlos,SX1280,NLOS,1625000,0.0,50.0,1200,2.590962,0.131065,18.144302,35.655982,158.220501,15.817522,20.521009,17.106980,18.356956
sx1280_1600k_nlos,SX1280,NLOS,1625000,12.0,1000.0,1200,2.149952,0.005635,16.362704,32.216205,162.247929,14.137438,18.882209,16.015695,16.674936
sx1280_1600k_nlos,SX1280,NLOS,1625000,12.0,250.0,1200,2.814648,0.071683,16.394620,36.787583,127.653012,14.658954,18.290378,15.237750,16.138553
sx1280_1600k_nlos,SX1280,NLOS,1625000,12.0,3000.0,1200,2.196594,0.020564,17.836215,36.093909,159.988103,15.652681,20.082320,18.054143,17.877269
sx1280_1600k_nlos,SX1280,NLOS,1625000,12.0,400.0,1200,2.232522,0.000519,18.166426,35.841184,157.393547,16.018550,20.466192,17.111759,17.910745
sx1280_1600k_nlos,SX1280,NLOS,1625000,12.0,50.0,1200,1.474102,0.009789,16.931270,37.934607,149.435239,15.202739,18.771376,15.966757,17.139934
sx1280_1600k_nlos,SX1280,NLOS,1625000,18.0,1000.0,1200,2.389570,-0.013097,17.688361,35.600324,149.829938,15.241813,20.047148,14.295503,16.753502
sx1280_1600k_nlos,SX1280,NLOS,1625000,18.0,250.0,1200,2.904918,0.062298,18.664624,37.760981,148.973596,16.458525,20.882635,18.159552,17.971612
sx1280_1600k_nlos,SX1280,NLOS,1625000,18.0,3000.0,1200,3.562743,0.019142,18.529436,35.067951,157.084765,16.075358,20.915897,16.664161,17.584133
sx1280_1600k_nlos,SX1280,NLOS,1625000,18.0,400.0,1200,1.779232,-0.013196,17.426394,34.443929,162.463866,14.821311,19.854402,17.579821,18.281007
sx1280_1600k_nlos,SX1280,NLOS,1625000,18.0,50.0,1200,1.671718,-0.011766,18.329326,36.191729,160.280237,15.975762,20.631418,16.651378,18.939197
sx1280_1600k_nlos,SX1280,NLOS,1625000,25.0,1000.0,1200,3.084710,-0.021940,17.093436,35.770905,157.957581,14.979126,19.268452,14.442670,17.584946
sx1280_1600k_nlos,SX1280,NLOS,1625000,25.0,250.0,1200,1.958696,0.041423,15.349769,33.410644,148.003046,13.474286,17.215966,12.830866,13.711139
sx1280_1600k_nlos,SX1280,NLOS,1625000,25.0,3000.0,1200,2.612687,-0.008345,17.260964,35.315770,151.042433,15.185394,19.351140,18.187137,19.269721
sx1280_1600k_nlos,SX1280,NLOS,1625000,25.0,400.0,1200,2.479018,-0.028265,18.421934,36.733857,154.403094,16.000569,20.719041,13.761740,17.770660
sx1280_1600k_nlos,SX1280,NLOS,1625000,25.0,50.0,1200,2.679443,-0.022502,16.687793,36.708540,140.993383,14.740823,18.725370,14.999185,15.448307
sx1280_1600k_nlos,SX1280,NLOS,1625000,6.0,1000.0,1200,2.467869,0.069221,16.599398,33.930276,157.060318,14.114603,19.267645,20.893636,17.134997
sx1280_1600k_nlos,SX1280,NLOS,1625000,6.0,250.0,1200,3.301585,0.139736,17.539834,34.286935,150.833396,15.444725,20.107623,18.622027,17.552893
sx1280_1600k_nlos,SX1280,NLOS,1625000,6.0,3000.0,1200,1.870673,0.096616,15.632189,34.720784,156.538974,13.850945,17.403936,12.863202,15.321010
sx1280_1600k_nlos,SX1280,NLOS,1625000,6.0,400.0,1200,3.009484,0.067631,18.196490,36.139009,158.741463,16.009206,20.561570,16.047380,18.056094
sx1280_1600k_nlos,SX1280,NLOS,1625000,6.0,50.0,1200,3.197257,0.082719,16.393003,35.225689,143.151696,14.862126,18.158109,17.105234,16.914808
sx1280_203k_los,SX1280,LOS,203000,-12.0,1000.0,300,-1.541279,-1.113721,28.805182,56.024956,85.961515,26.561888,30.949051,29.277825,28.351908
sx1280_203k_los,SX1280,LOS,203000,-12.0,250.0,300,-0.111159,-0.843438,27.304694,52.841909,81.389533,25.022905,29.420461,27.999554,26.502288
sx1280_203k_los,SX1280,LOS,203000,-12.0,3000.0,300,0.439925,0.966660,28.124254,56.454956,81.568168,25.693913,30.446951,29.732272,27.959533
sx1280_203k_los,SX1280,LOS,203000,-12.0,400.0,300,-0.134044,0.666844,26.658874,52.429595,68.466375,24.794352,28.574945,25.663285,28.610666
sx1280_203k_los,SX1280,LOS,203000,-12.0,50.0,300,-1.577995,-1.646960,29.836339,57.017511,91.781881,27.359500,32.174138,29.460300,30.221452
sx1280_203k_los,SX1280,LOS,203000,-20.0,1000.0,300,-1.258526,0.859048,75.367472,140.129025,295.810692,69.267940,81.641282,75.920440,71.997341
sx1280_203k_los,SX1280,LOS,203000,-20.0,250.0,300,9.600711,12.729676,67.858210,121.069731,234.555117,62.549852,73.264848,65.374842,63.798542
sx1280_203k_los,SX1280,LOS,203000,-20.0,3000.0,300,1.176031,1.786087,72.472934,146.330044,236.643635,67.042025,78.423787,74.540151,71.960165
sx1280_203k_los,SX1280,LOS,203000,-20.0,400.0,300,-1.373828,-6.585385,62.255323,119.539733,185.315426,57.296284,67.119285,61.744506,57.113896
sx1280_203k_los,SX1280,LOS,203000,-20.0,50.0,300,1.824230,3.932359,72.200585,134.835348,218.106806,66.867133,77.053691,65.302785,70.996782
sx1280_203k_los,SX1280,LOS,203000,-6.0,1000.0,300,-0.266633,-0.986053,15.195385,28.409538,47.681117,14.082515,16.304443,17.143574,15.348150
sx1280_203k_los,SX1280,LOS,203000,-6.0,250.0,300,0.578749,0.054866,14.533087,27.933586,47.146169,13.292118,15.693271,13.720013,14.668042
sx1280_203k_los,SX1280,LOS,203000,-6.0,3000.0,300,-0.873902,-1.397309,13.618159,26.533801,40.066262,12.598405,14.732633,13.244770,13.115090
sx1280_203k_los,SX1280,LOS,203000,-6.0,400.0,300,-0.902894,-0.412572,14.004575,25.336701,51.525759,12.785604,15.191337,12.259078,13.174183
sx1280_203k_los,SX1280,LOS,203000,-6.0,50.0,300,-0.952472,-1.307184,14.150170,26.575474,43.078212,13.078341,15.107014,14.431403,14.077396
sx1280_203k_los,SX1280,LOS,203000,0.0,1000.0,300,0.108198,-0.094328,7.597095,14.730222,19.972486,7.003099,8.202770,6.998987,7.112100
sx1280_203k_los,SX1280,LOS,203000,0.0,250.0,300,0.262816,0.732264,7.244387,13.752733,21.633408,6.700170,7.840299,7.994654,7.404066
sx1280_203k_los,SX1280,LOS,203000,0.0,3000.0,300,-0.452119,-1.065267,6.847430,12.375703,22.341897,6.307791,7.391944,6.304271,6.619526
sx1280_203k_los,SX1280,LOS,203000,0.0,400.0,300,0.172516,0.091819,7.127541,13.386211,18.284252,6.624839,7.580152,6.955573,7.205701
sx1280_203k_los,SX1280,LOS,203000,0.0,50.0,300,-0.118815,0.364912,7.218549,14.178865,20.883114,6.635959,7.771409,7.011521,7.317121
sx1280_203k_los,SX1280,LOS,203000,12.0,1000.0,300,-0.311747,-0.251661,1.839198,3.464428,5.967732,1.710245,1.972466,1.851736,1.835025
sx1280_203k_los,SX1280,LOS,203000,12.0,250.0,300,-0.140957,-0.365262,1.830313,3.625020,5.949522,1.673749,1.970454,1.670883,1.800430
sx1280_203k_los,SX1280,LOS,203000,12.0,3000.0,300,-0.242385,-0.388467,1.787124,3.453772,5.102560,1.639980,1.930418,1.726113,1.677489
sx1280_203k_los,SX1280,LOS,203000,12.0,400.0,300,-0.184277,-0.217310,1.695604,3.260033,5.494987,1.557334,1.841997,1.757995,1.740718
sx1280_203k_los,SX1280,LOS,203000,12.0,50.0,300,-0.169318,-0.177179,1.753985,3.553312,4.924736,1.610402,1.901963,1.631253,1.632144
sx1280_203k_los,SX1280,LOS,203000,18.0,1000.0,300,-0.143801,-0.181578,0.907479,1.744004,3.045521,0.839510,0.970997,0.832455,0.919562
sx1280_203k_los,SX1280,LOS,203000,18.0,250.0,300,-0.336621,-0.387537,0.918020,1.803112,2.530720,0.848489,0.992223,0.925098,0.921065
sx1280_203k_los,SX1280,LOS,203000,18.0,3000.0,300,-0.265083,-0.293952,0.874554,1.766978,2.985887,0.802929,0.939820,0.909200,0.910057
sx1280_203k_los,SX1280,LOS,203000,18.0,400.0,300,-0.213519,-0.342748,0.931277,1.888530,3.155945,0.861161,1.002915,0.928062,0.892732
sx1280_203k_los,SX1280,LOS,203000,18.0,50.0,300,-0.340008,-0.327825,0.897869,1.907750,2.835451,0.827703,0.966857,0.890073,0.871853
sx1280_203k_los,SX1280,LOS,203000,25.0,1000.0,300,-0.265597,-0.264003,0.399877,0.936226,1.345141,0.366932,0.430562,0.405370,0.395485
sx1280_203k_los,SX1280,LOS,203000,25.0,250.0,300,-0.305988,-0.277696,0.376902,1.008273,1.382330,0.347228,0.409512,0.397800,0.399718
sx1280_203k_los,SX1280,LOS,203000,25.0,3000.0,300,-0.317619,-0.313129,0.407854,0.964808,1.206440,0.378491,0.438959,0.407010,0.396857
sx1280_203k_los,SX1280,LOS,203000,25.0,400.0,300,-0.214731,-0.188838,0.391539,0.897903,1.264440,0.359702,0.419460,0.370288,0.368773
sx1280_203k_los,SX1280,LOS,203000,25.0,50.0,300,-0.346922,-0.338810,0.384058,0.916615,1.608694,0.355166,0.415037,0.377002,0.393546
sx1280_203k_los,SX1280,LOS,203000,6.0,1000.0,300,-0.324579,-0.296912,3.616074,7.160053,11.411356,3.305061,3.918998,3.460377,3.700885
sx1280_203k_los,SX1280,LOS,203000,6.0,250.0,300,-0.160760,-0.346991,3.464128,6.897166,10.620452,3.174054,3.735719,3.405836,3.417454
sx1280_203k_los,SX1280,LOS,203000,6.0,3000.0,300,-0.455406,-0.550289,3.777615,6.643165,10.379111,3.489053,4.035693,3.236944,3.402097
sx1280_203k_los,SX1280,LOS,203000,6.0,400.0,300,-0.502764,-0.734004,3.611790,6.972452,9.809208,3.361959,3.856921,3.674781,3.677343
sx1280_203k_los,SX1280,LOS,203000,6.0,50.0,300,-0.469103,-0.399318,3.688094,7.308130,11.805950,3.359609,4.015399,4.133943,3.769248
sx1280_203k_nlos,SX1280,NLOS,203000,-12.0,1000.0,1200,-0.789545,-1.931300,28.720019,56.078102,107.505543,27.602687,30.029984,30.402968,29.280503
sx1280_203k_nlos,SX1280,NLOS,203000,-12.0,250.0,1200,-0.373302,-0.656235,29.091462,56.659354,118.595187,27.896373,30.256318,29.705249,29.272240
sx1280_203k_nlos,SX1280,NLOS,203000,-12.0,3000.0,1200,-0.169557,-0.075040,29.398021,57.337217,90.229411,28.135542,30.541894,30.485498,29.963643
sx1280_203k_nlos,SX1280,NLOS,203000,-12.0,400.0,1200,1.013110,1.127359,27.573063,53.956046,93.487959,26.497946,28.637981,27.076539,27.893530
sx1280_203k_nlos,SX1280,NLOS,203000,-12.0,50.0,1200,-0.308874,-0.256490,27.906364,55.115807,91.515718,26.845222,29.076305,27.235343,27.591815
sx1280_203k_nlos,SX1280,NLOS,203000,-20.0,1000.0,1200,2.308030,2.449820,73.259373,142.912650,263.260481,70.197939,76.381625,69.405861,73.461805
sx1280_203k_nlos,SX1280,NLOS,203000,-20.0,250.0,1200,-2.893392,-2.384039,72.800673,149.187366,232.083038,69.850613,75.503395,72.481368,72.029688
sx1280_203k_nlos,SX1280,NLOS,203000,-20.0,3000.0,1200,-2.287457,-4.570460,73.200054,146.307035,274.199744,70.401179,76.069512,78.159179,77.084933
sx1280_203k_nlos,SX1280,NLOS,203000,-20.0,400.0,1200,-0.192061,0.397958,68.452231,132.485997,240.703236,65.567237,71.103690,68.944531,67.430981
sx1280_203k_nlos,SX1280,NLOS,203000,-20.0,50.0,1200,-2.642268,-2.093587,70.821693,138.603711,259.887539,68.114043,73.350507,70.402387,68.382030
sx1280_203k_nlos,SX1280,NLOS,203000,-6.0,1000.0,1200,-0.498371,-0.431802,14.173386,27.423080,57.648734,13.609490,14.731637,14.472094,14.528776
sx1280_203k_nlos,SX1280,NLOS,203000,-6.0,250.0,1200,-0.559518,-0.837728,14.483053,28.306830,49.296193,13.912450,15.056128,15.210789,14.841269
sx1280_203k_nlos,SX1280,NLOS,203000,-6.0,3000.0,1200,-0.537360,-0.650921,13.737637,27.085074,39.967409,13.185671,14.235883,14.064560,13.740413
sx1280_203k_nlos,SX1280,NLOS,203000,-6.0,400.0,1200,-0.363221,-0.215933,14.099080,27.389680,68.504772,13.556725,14.705459,14.009746,13.946786
sx1280_203k_nlos,SX1280,NLOS,203000,-6.0,50.0,1200,-0.015553,0.318812,14.381888,28.160065,48.136223,13.839456,14.913436,14.074108,14.545954
sx1280_203k_nlos,SX1280,NLOS,203000,0.0,1000.0,1200,-0.124912,-0.194531,7.174858,14.261971,23.906319,6.895299,7.466513,6.972887,7.090199
sx1280_203k_nlos,SX1280,NLOS,203000,0.0,250.0,1200,-0.035122,0.052836,7.226856,14.413334,23.690749,6.961118,7.536221,7.529003,7.187397
sx1280_203k_nlos,SX1280,NLOS,203000,0.0,3000.0,1200,-0.416160,-0.653395,6.964431,13.650661,21.994987,6.694335,7.228076,7.333993,7.102272
sx1280_203k_nlos,SX1280,NLOS,203000,0.0,400.0,1200,-0.384449,-0.398607,6.810732,13.403521,22.198998,6.538177,7.070038,6.999743,6.975896
sx1280_203k_nlos,SX1280,NLOS,203000,0.0,50.0,1200,-0.379236,-0.257427,7.014944,13.979289,21.701971,6.747668,7.289857,6.796962,7.040780
sx1280_203k_nlos,SX1280,NLOS,203000,12.0,1000.0,1200,-0.192094,-0.251779,1.813201,3.578762,6.072475,1.740809,1.885664,1.764987,1.772129
sx1280_203k_nlos,SX1280,NLOS,203000,12.0,250.0,1200,-0.287142,-0.228079,1.804729,3.546436,6.975265,1.729235,1.880545,1.781379,1.811709
sx1280_203k_nlos,SX1280,NLOS,203000,12.0,3000.0,1200,-0.310718,-0.342421,1.780270,3.596803,6.434449,1.709488,1.860337,1.945364,1.842398
sx1280_203k_nlos,SX1280,NLOS,203000,12.0,400.0,1200,-0.257705,-0.244471,1.690859,3.342128,6.528820,1.619158,1.758390,1.673645,1.727222
sx1280_203k_nlos,SX1280,NLOS,203000,12.0,50.0,1200,-0.340049,-0.240116,1.835534,3.645890,6.565242,1.763172,1.913628,1.832553,1.903204
sx1280_203k_nlos,SX1280,NLOS,203000,18.0,1000.0,1200,-0.256523,-0.263070,0.903519,1.866301,4.173970,0.865537,0.942108,0.925002,0.920375
sx1280_203k_nlos,SX1280,NLOS,203000,18.0,250.0,1200,-0.292750,-0.286663,0.915203,1.915361,3.071321,0.880052,0.951746,0.869617,0.892589
sx1280_203k_nlos,SX1280,NLOS,203000,18.0,3000.0,1200,-0.290751,-0.268457,0.916303,1.879807,3.037200,0.879295,0.951313,0.974275,0.948847
sx1280_203k_nlos,SX1280,NLOS,203000,18.0,400.0,1200,-0.272788,-0.266516,0.861566,1.788041,2.899265,0.826863,0.895183,0.872443,0.868685
sx1280_203k_nlos,SX1280,NLOS,203000,18.0,50.0,1200,-0.324566,-0.324226,0.896702,1.846476,4.176710,0.860558,0.933928,0.898055,0.915372
sx1280_203k_nlos,SX1280,NLOS,203000,25.0,1000.0,1200,-0.210961,-0.203923,0.393419,0.853200,1.504554,0.378120,0.409055,0.368634,0.387001
sx1280_203k_nlos,SX1280,NLOS,203000,25.0,250.0,1200,-0.300196,-0.294562,0.408964,1.006902,1.495699,0.392228,0.425056,0.417771,0.413774
sx1280_203k_nlos,SX1280,NLOS,203000,25.0,3000.0,1200,-0.322519,-0.302164,0.385844,0.957553,1.517979,0.369645,0.401290,0.369038,0.376309
sx1280_203k_nlos,SX1280,NLOS,203000,25.0,400.0,1200,-0.263694,-0.272122,0.381738,0.881335,1.457738,0.367370,0.396680,0.370083,0.380876
sx1280_203k_nlos,SX1280,NLOS,203000,25.0,50.0,1200,-0.327376,-0.318053,0.390303,0.977275,1.636509,0.375020,0.406613,0.382739,0.399276
sx1280_203k_nlos,SX1280,NLOS,203000,6.0,1000.0,1200,-0.064577,-0.129808,3.520720,6.913537,13.329808,3.365020,3.667858,3.599980,3.443230
sx1280_203k_nlos,SX1280,NLOS,203000,6.0,250.0,1200,-0.339971,-0.356663,3.593097,7.002786,12.100256,3.450345,3.736098,3.594025,3.669147
sx1280_203k_nlos,SX1280,NLOS,203000,6.0,3000.0,1200,-0.247848,-0.280410,3.566183,6.931904,15.662878,3.419404,3.696332,3.864829,3.649815
sx1280_203k_nlos,SX1280,NLOS,203000,6.0,400.0,1200,-0.285206,-0.200950,3.486967,6.982599,12.085160,3.342657,3.619952,3.421738,3.491898
sx1280_203k_nlos,SX1280,NLOS,203000,6.0,50.0,1200,-0.294332,-0.281587,3.513698,6.782133,11.068600,3.370193,3.661652,3.599690,3.559852
sx1280_406k_los,SX1280,LOS,406000,-12.0,1000.0,300,-1.153484,-1.074366,14.417637,27.972863,49.163805,13.316626,15.588090,15.027808,14.685325
sx1280_406k_los,SX1280,LOS,406000,-12.0,250.0,300,-1.364911,-1.590880,14.254481,29.406153,45.474393,13.109029,15.427913,14.323448,14.722318
sx1280_406k_los,SX1280,LOS,406000,-12.0,3000.0,300,-0.895312,-0.561734,14.081416,26.745604,42.622142,12.920905,15.130903,14.515926,14.411364
sx1280_406k_los,SX1280,LOS,406000,-12.0,400.0,300,1.161750,1.550703,14.156101,27.387633,48.211120,12.956709,15.564960,14.326699,13.837026
sx1280_406k_los,SX1280,LOS,406000,-12.0,50.0,300,0.493629,0.587939,14.422683,27.401172,46.697787,13.314145,15.535334,15.308474,15.031731
sx1280_406k_los,SX1280,LOS,406000,-20.0,1000.0,300,0.294919,0.773343,38.904042,75.736112,114.513549,35.777155,41.920160,37.759442,37.646143
sx1280_406k_los,SX1280,LOS,406000,-20.0,250.0,300,0.496983,-0.098178,34.834461,64.939776,90.244473,32.368854,37.189534,35.989497,35.313075
sx1280_406k_los,SX1280,LOS,406000,-20.0,3000.0,300,1.157026,-3.672672,36.777813,68.838872,111.430082,33.786746,39.387045,34.595849,33.643713
sx1280_406k_los,SX1280,LOS,406000,-20.0,400.0,300,-0.250335,-1.965049,39.175317,76.386471,123.373628,35.661203,43.189217,39.089979,38.368136
sx1280_406k_los,SX1280,LOS,406000,-20.0,50.0,300,-2.246586,-0.674709,33.732085,63.394593,129.527588,30.929203,36.831656,33.858716,35.668213
sx1280_406k_los,SX1280,LOS,406000,-6.0,1000.0,300,0.424713,0.203497,6.820238,13.947546,19.247733,6.271905,7.336275,5.993532,6.696134
sx1280_406k_los,SX1280,LOS,406000,-6.0,250.0,300,0.495878,0.468693,6.949592,13.422134,21.049520,6.423016,7.456076,6.879602,6.794670
sx1280_406k_los,SX1280,LOS,406000,-6.0,3000.0,300,0.222591,0.266703,7.295629,14.105054,19.242921,6.747722,7.812185,7.622476,7.266088
sx1280_406k_los,SX1280,LOS,406000,-6.0,400.0,300,-0.692234,-0.454952,7.456568,14.455068,25.351389,6.842725,8.040262,6.508743,7.172097
sx1280_406k_los,SX1280,LOS,406000,-6.0,50.0,300,1.041752,1.019605,6.816514,14.063630,20.963671,6.250207,7.316699,7.248975,6.751662
sx1280_406k_los,SX1280,LOS,406000,0.0,1000.0,300,-0.024738,-0.053045,3.415195,7.000556,8.381052,3.180671,3.664504,3.096293,3.324929
sx1280_406k_los,SX1280,LOS,406000,0.0,250.0,300,0.281956,0.177700,3.525417,7.025417,11.254109,3.205817,3.847301,3.493014,3.253551
sx1280_406k_los,SX1280,LOS,406000,0.0,3000.0,300,0.254849,0.262163,3.752580,7.035864,11.126757,3.499960,4.021892,3.700024,3.591779
sx1280_406k_los,SX1280,LOS,406000,0.0,400.0,300,-0.259284,-0.111424,3.883298,7.898320,11.603864,3.611272,4.204331,4.473070,4.075071
sx1280_406k_los,SX1280,LOS,406000,0.0,50.0,300,0.436500,0.735602,3.651765,7.182877,11.444371,3.367025,3.929916,3.738403,3.823461
sx1280_406k_los,SX1280,LOS,406000,12.0,1000.0,300,0.120664,0.076286,0.896170,1.791278,2.852816,0.821232,0.974974,0.766302,0.816197
sx1280_406k_los,SX1280,LOS,406000,12.0,250.0,300,0.223590,0.271335,0.850294,1.653571,2.834220,0.783750,0.921175,0.911708,0.916993
sx1280_406k_los,SX1280,LOS,406000,12.0,3000.0,300,0.007537,-0.037775,0.943322,1.794037,2.763357,0.870014,1.016866,0.813572,0.886569
sx1280_406k_los,SX1280,LOS,406000,12.0,400.0,300,-0.095523,-0.129029,0.899414,1.657630,2.933203,0.827971,0.972358,0.761184,0.791477
sx1280_406k_los,SX1280,LOS,406000,12.0,50.0,300,0.076460,0.049276,0.905217,1.891805,2.672191,0.826467,0.975434,0.779474,0.828168
sx1280_406k_los,SX1280,LOS,406000,18.0,1000.0,300,0.088868,0.068562,0.399011,0.833341,1.586676,0.360644,0.431989,0.385133,0.404595
sx1280_406k_los,SX1280,LOS,406000,18.0,250.0,300,0.203821,0.192968,0.422873,0.933739,1.437679,0.386497,0.456940,0.445461,0.420407
sx1280_406k_los,SX1280,LOS,406000,18.0,3000.0,300,0.021346,0.030855,0.444563,0.826876,1.557445,0.407486,0.483746,0.477014,0.456472
sx1280_406k_los,SX1280,LOS,406000,18.0,400.0,300,-0.110913,-0.120651,0.465678,0.937058,1.496625,0.430139,0.502107,0.404174,0.457861
sx1280_406k_los,SX1280,LOS,406000,18.0,50.0,300,0.063588,0.095044,0.467109,0.946271,1.272585,0.432274,0.501349,0.447975,0.451611
sx1280_406k_los,SX1280,LOS,406000,25.0,1000.0,300,0.125171,0.126465,0.189344,0.461745,0.614832,0.176898,0.203652,0.198819,0.194272
sx1280_406k_los,SX1280,LOS,406000,25.0,250.0,300,0.159720,0.163432,0.200866,0.481225,0.660213,0.186385,0.214507,0.180329,0.191071
sx1280_406k_los,SX1280,LOS,406000,25.0,3000.0,300,0.010199,0.011030,0.201572,0.384792,0.628084,0.186566,0.216510,0.209732,0.201490
sx1280_406k_los,SX1280,LOS,406000,25.0,400.0,300,-0.174200,-0.173004,0.197038,0.479224,0.726231,0.182457,0.210777,0.202720,0.204208
sx1280_406k_los,SX1280,LOS,406000,25.0,50.0,300,0.066535,0.084495,0.211829,0.411309,0.704242,0.194590,0.229271,0.195611,0.212728
sx1280_406k_los,SX1280,LOS,406000,6.0,1000.0,300,0.197142,0.126127,1.713272,3.218949,5.281431,1.572713,1.845519,1.625746,1.823056
sx1280_406k_los,SX1280,LOS,406000,6.0,250.0,300,0.266810,0.170968,1.685729,3.224950,5.656445,1.557837,1.814585,1.680831,1.783042
sx1280_406k_los,SX1280,LOS,406000,6.0,3000.0,300,-0.101765,-0.160513,1.731008,3.452284,4.300428,1.611171,1.852318,1.816630,1.740718
sx1280_406k_los,SX1280,LOS,406000,6.0,400.0,300,-0.044116,-0.080317,1.816213,3.455787,5.086796,1.660065,1.963514,1.549921,1.892808
sx1280_406k_los,SX1280,LOS,406000,6.0,50.0,300,-0.033020,-0.042601,1.712493,3.174746,4.990274,1.583117,1.828367,1.790514,1.710940
sx1280_406k_nlos,SX1280,NLOS,406000,-12.0,1000.0,1200,0.204382,-0.336585,13.816747,26.458490,45.840108,13.254170,14.348556,13.938876,13.966286
sx1280_406k_nlos,SX1280,NLOS,406000,-12.0,250.0,1200,0.327901,0.197960,13.940498,27.304301,42.287306,13.361533,14.426095,14.534425,13.878641
sx1280_406k_nlos,SX1280,NLOS,406000,-12.0,3000.0,1200,-0.762301,-0.462080,13.999132,26.820507,44.185971,13.459809,14.544002,13.765603,14.146799
sx1280_406k_nlos,SX1280,NLOS,406000,-12.0,400.0,1200,-0.735835,-1.017961,13.379233,26.276072,38.507670,12.853638,13.900654,14.238437,13.364093
sx1280_406k_nlos,SX1280,NLOS,406000,-12.0,50.0,1200,0.354854,0.570664,14.116498,26.955070,44.108052,13.543911,14.683301,14.978941,14.405797
sx1280_406k_nlos,SX1280,NLOS,406000,-20.0,1000.0,1200,1.868162,1.510150,34.296521,68.927475,118.345831,32.793940,35.874616,34.213594,33.547893
sx1280_406k_nlos,SX1280,NLOS,406000,-20.0,250.0,1200,0.365154,1.388017,36.078865,70.905444,116.060200,34.726614,37.479622,37.106142,36.947596
sx1280_406k_nlos,SX1280,NLOS,406000,-20.0,3000.0,1200,1.192764,1.922453,35.582129,68.586676,109.901595,34.247524,36.922494,34.824080,35.521613
sx1280_406k_nlos,SX1280,NLOS,406000,-20.0,400.0,1200,-1.784532,-2.468549,35.920223,70.992211,153.475560,34.320005,37.624575,34.543171,34.735719
sx1280_406k_nlos,SX1280,NLOS,406000,-20.0,50.0,1200,1.492379,2.475652,37.568163,72.164975,128.041249,36.054279,38.992228,36.075892,37.886364
sx1280_406k_nlos,SX1280,NLOS,406000,-6.0,1000.0,1200,0.036432,0.143196,6.693473,12.919655,26.569828,6.445527,6.950367,6.527310,6.655668
sx1280_406k_nlos,SX1280,NLOS,406000,-6.0,250.0,1200,0.092068,0.168589,7.039975,13.906164,30.178177,6.734834,7.323098,7.302088,7.044301
sx1280_406k_nlos,SX1280,NLOS,406000,-6.0,3000.0,1200,-0.079524,-0.388258,7.398507,14.301254,29.619712,7.108596,7.748479,7.265950,7.217716
sx1280_406k_nlos,SX1280,NLOS,406000,-6.0,400.0,1200,-0.284912,-0.247958,7.265562,14.186538,24.093313,6.974163,7.575503,6.985573,7.122840
sx1280_406k_nlos,SX1280,NLOS,406000,-6.0,50.0,1200,0.279247,0.200675,7.152679,14.479217,22.066677,6.847227,7.436471,6.792420,7.141915
sx1280_406k_nlos,SX1280,NLOS,406000,0.0,1000.0,1200,0.273580,0.079179,3.509861,6.951677,17.222423,3.354549,3.672863,3.456090,3.442697
sx1280_406k_nlos,SX1280,NLOS,406000,0.0,250.0,1200,0.268080,0.243136,3.699046,7.210549,13.091925,3.536443,3.848258,3.554899,3.725379
sx1280_406k_nlos,SX1280,NLOS,406000,0.0,3000.0,1200,-0.082135,-0.129447,3.538699,7.007085,11.752336,3.406302,3.673865,3.467365,3.521746
sx1280_406k_nlos,SX1280,NLOS,406000,0.0,400.0,1200,-0.031085,-0.035979,3.547280,6.807568,12.819484,3.405121,3.685044,3.333412,3.235357
sx1280_406k_nlos,SX1280,NLOS,406000,0.0,50.0,1200,0.114365,0.170609,3.459894,6.620670,10.781808,3.337037,3.581940,3.528999,3.447306
sx1280_406k_nlos,SX1280,NLOS,406000,12.0,1000.0,1200,0.128732,0.120540,0.829874,1.653571,3.021199,0.797454,0.862309,0.826435,0.841016
sx1280_406k_nlos,SX1280,NLOS,406000,12.0,250.0,1200,0.173432,0.197818,0.859900,1.711228,3.129349,0.828360,0.897970,0.891934,0.856679
sx1280_406k_nlos,SX1280,NLOS,406000,12.0,3000.0,1200,-0.009888,-0.015119,0.923747,1.743777,3.061920,0.886577,0.959647,0.944599,0.932028
sx1280_406k_nlos,SX1280,NLOS,406000,12.0,400.0,1200,-0.155697,-0.180977,0.905097,1.817446,3.181572,0.868334,0.942111,0.871706,0.914101
sx1280_406k_nlos,SX1280,NLOS,406000,12.0,50.0,1200,0.040100,0.058235,0.920561,1.842882,2.986665,0.888737,0.959778,0.877212,0.907474
sx1280_406k_nlos,SX1280,NLOS,406000,18.0,1000.0,1200,0.119422,0.106914,0.438955,0.852181,1.649617,0.419563,0.456146,0.391503,0.419817
sx1280_406k_nlos,SX1280,NLOS,406000,18.0,250.0,1200,0.156881,0.164549,0.439845,0.916328,1.396198,0.421348,0.455464,0.439984,0.443872
sx1280_406k_nlos,SX1280,NLOS,406000,18.0,3000.0,1200,-0.020231,-0.016543,0.472791,0.945756,1.442000,0.452206,0.490309,0.440079,0.459092
sx1280_406k_nlos,SX1280,NLOS,406000,18.0,400.0,1200,-0.169126,-0.187493,0.460186,0.944173,1.540970,0.441133,0.477823,0.443698,0.438433
sx1280_406k_nlos,SX1280,NLOS,406000,18.0,50.0,1200,0.063061,0.052322,0.457708,0.909569,1.600537,0.439206,0.476306,0.472862,0.466267
sx1280_406k_nlos,SX1280,NLOS,406000,25.0,1000.0,1200,0.116725,0.112381,0.193632,0.441676,0.798549,0.186275,0.201740,0.187677,0.187764
sx1280_406k_nlos,SX1280,NLOS,406000,25.0,250.0,1200,0.162198,0.161253,0.198857,0.510134,0.772514,0.190958,0.206297,0.196606,0.200700
sx1280_406k_nlos,SX1280,NLOS,406000,25.0,3000.0,1200,0.008658,0.012713,0.207635,0.411596,0.647789,0.200083,0.215397,0.192717,0.201816
sx1280_406k_nlos,SX1280,NLOS,406000,25.0,400.0,1200,-0.160405,-0.156482,0.203128,0.494125,0.823134,0.195094,0.211773,0.190854,0.201010
sx1280_406k_nlos,SX1280,NLOS,406000,25.0,50.0,1200,0.063059,0.060423,0.204100,0.421428,0.684526,0.195911,0.211739,0.199018,0.201325
sx1280_406k_nlos,SX1280,NLOS,406000,6.0,1000.0,1200,0.107103,0.160479,1.746803,3.392608,6.117949,1.679062,1.817171,1.767615,1.727526
sx1280_406k_nlos,SX1280,NLOS,406000,6.0,250.0,1200,0.110459,0.061147,1.864091,3.644191,6.704618,1.792440,1.941754,1.907203,1.855653
sx1280_406k_nlos,SX1280,NLOS,406000,6.0,3000.0,1200,0.073311,0.079203,1.816910,3.499099,8.207041,1.742748,1.893885,1.723613,1.767575
sx1280_406k_nlos,SX1280,NLOS,406000,6.0,400.0,1200,-0.236497,-0.264958,1.802085,3.541032,5.315160,1.737145,1.870778,1.786856,1.757005
sx1280_406k_nlos,SX1280,NLOS,406000,6.0,50.0,1200,0.054517,0.096076,1.792965,3.567766,7.240880,1.715439,1.865259,1.794792,1.821914
sx1280_812k_los,SX1280,LOS,812000,-12.0,1000.0,300,0.361304,0.156067,6.987926,13.995302,19.547727,6.432902,7.559834,7.320797,7.190399
sx1280_812k_los,SX1280,LOS,812000,-12.0,250.0,300,-0.108409,0.311555,7.215945,14.072711,19.724979,6.624266,7.799937,7.093283,7.293267
sx1280_812k_los,SX1280,LOS,812000,-12.0,3000.0,300,0.541898,0.143841,5.877309,10.949034,18.223460,5.443199,6.298808,6.342770,5.961558
sx1280_812k_los,SX1280,LOS,812000,-12.0,400.0,300,-0.019480,-0.065408,7.426742,14.144385,20.441828,6.840044,8.027382,7.523855,7.427490
sx1280_812k_los,SX1280,LOS,812000,-12.0,50.0,300,-0.058810,0.021307,6.401342,12.696379,17.854404,5.957218,6.816122,6.958090,6.490201
sx1280_812k_los,SX1280,LOS,812000,-20.0,1000.0,300,0.175676,0.868618,18.313845,35.121580,64.054179,16.816198,20.013902,19.343834,19.203384
sx1280_812k_los,SX1280,LOS,812000,-20.0,250.0,300,1.326116,1.336947,18.189960,35.341532,63.742295,16.658239,19.711793,19.061117,18.142442
sx1280_812k_los,SX1280,LOS,812000,-20.0,3000.0,300,-0.537315,-0.400446,17.589472,34.932970,51.909097,16.141903,19.004352,19.344671,19.170783
sx1280_812k_los,SX1280,LOS,812000,-20.0,400.0,300,-0.311369,0.139791,16.965325,35.457024,47.547796,15.566968,18.271679,16.202887,16.571777
sx1280_812k_los,SX1280,LOS,812000,-20.0,50.0,300,1.296344,1.487517,16.492553,32.366343,54.375916,15.101596,17.933049,15.224075,16.006467
sx1280_812k_los,SX1280,LOS,812000,-6.0,1000.0,300,0.454661,0.602061,3.556197,6.959709,11.638624,3.259053,3.851023,3.022534,3.320716
sx1280_812k_los,SX1280,LOS,812000,-6.0,250.0,300,-0.126363,-0.297420,3.500604,6.406061,9.100583,3.267838,3.746301,3.364399,3.620375
sx1280_812k_los,SX1280,LOS,812000,-6.0,3000.0,300,-0.002070,-0.080301,2.991368,6.174748,10.621563,2.750897,3.224804,2.858245,2.985149
sx1280_812k_los,SX1280,LOS,812000,-6.0,400.0,300,0.172455,0.101341,3.629487,6.877471,15.182488,3.335324,3.943814,3.509615,3.536987
sx1280_812k_los,SX1280,LOS,812000,-6.0,50.0,300,-0.339731,-0.266216,3.568868,7.155018,12.589987,3.232433,3.913360,3.187288,3.607042
sx1280_812k_los,SX1280,LOS,812000,0.0,1000.0,300,0.079395,0.052418,1.749119,3.300233,5.268976,1.616091,1.884748,1.770991,1.698933
sx1280_812k_los,SX1280,LOS,812000,0.0,250.0,300,0.026305,-0.016279,1.744990,3.210826,5.646822,1.595959,1.879239,1.747577,1.712196
sx1280_812k_los,SX1280,LOS,812000,0.0,3000.0,300,-0.063049,-0.040150,1.599917,3.257645,4.786631,1.469024,1.745618,1.474495,1.468699
sx1280_812k_los,SX1280,LOS,812000,0.0,400.0,300,0.071393,-0.178573,1.854678,3.284392,5.355805,1.722046,1.988064,1.964754,1.883423
sx1280_812k_los,SX1280,LOS,812000,0.0,50.0,300,0.027989,0.017537,1.735732,3.535043,5.696887,1.597858,1.873113,1.757887,1.727490
sx1280_812k_los,SX1280,LOS,812000,12.0,1000.0,300,0.129061,0.145177,0.433751,0.919063,1.397208,0.398601,0.469255,0.414212,0.431020
sx1280_812k_los,SX1280,LOS,812000,12.0,250.0,300,-0.065777,-0.067112,0.461601,0.911430,1.323455,0.423251,0.496497,0.506036,0.477557
sx1280_812k_los,SX1280,LOS,812000,12.0,3000.0,300,0.008708,0.008001,0.393916,0.806431,1.108652,0.364669,0.424950,0.364765,0.388053
sx1280_812k_los,SX1280,LOS,812000,12.0,400.0,300,0.036263,0.035161,0.470461,0.955303,1.391993,0.432428,0.506377,0.545078,0.490845
sx1280_812k_los,SX1280,LOS,812000,12.0,50.0,300,-0.029107,-0.059629,0.434238,0.837350,1.429439,0.399252,0.471001,0.422032,0.435501
sx1280_812k_los,SX1280,LOS,812000,18.0,1000.0,300,0.104345,0.105832,0.224620,0.472165,0.651027,0.206579,0.241362,0.198051,0.220536
sx1280_812k_los,SX1280,LOS,812000,18.0,250.0,300,-0.033224,-0.041339,0.228368,0.453693,0.692912,0.210607,0.243232,0.218725,0.224913
sx1280_812k_los,SX1280,LOS,812000,18.0,3000.0,300,-0.014455,-0.020567,0.193102,0.371452,0.701838,0.175043,0.209247,0.199510,0.191347
sx1280_812k_los,SX1280,LOS,812000,18.0,400.0,300,0.079255,0.069465,0.218603,0.452437,0.731926,0.201198,0.234133,0.206853,0.213506
sx1280_812k_los,SX1280,LOS,812000,18.0,50.0,300,-0.027330,-0.034295,0.198148,0.390818,0.642728,0.180765,0.213264,0.201268,0.195125
sx1280_812k_los,SX1280,LOS,812000,25.0,1000.0,300,0.072235,0.082239,0.098049,0.218251,0.399610,0.089136,0.106349,0.105277,0.098982
sx1280_812k_los,SX1280,LOS,812000,25.0,250.0,300,-0.050093,-0.052135,0.102344,0.209424,0.309207,0.094866,0.109573,0.098917,0.098406
sx1280_812k_los,SX1280,LOS,812000,25.0,3000.0,300,-0.008855,-0.007730,0.091572,0.180628,0.301232,0.083906,0.099745,0.084055,0.086401
sx1280_812k_los,SX1280,LOS,812000,25.0,400.0,300,0.077977,0.071888,0.092067,0.228559,0.401006,0.084602,0.099964,0.095025,0.093750
sx1280_812k_los,SX1280,LOS,812000,25.0,50.0,300,-0.032439,-0.025341,0.089319,0.199897,0.257351,0.081912,0.096741,0.089447,0.088273
sx1280_812k_los,SX1280,LOS,812000,6.0,1000.0,300,0.173110,0.189732,0.879080,1.776682,2.715591,0.806497,0.946835,0.808344,0.806691
sx1280_812k_los,SX1280,LOS,812000,6.0,250.0,300,-0.064531,-0.123593,0.964867,1.821197,3.311026,0.885619,1.040421,0.915659,0.932773
sx1280_812k_los,SX1280,LOS,812000,6.0,3000.0,300,-0.034785,-0.062980,0.776162,1.581445,2.360712,0.713918,0.846258,0.729194,0.744285
sx1280_812k_los,SX1280,LOS,812000,6.0,400.0,300,0.097419,0.131562,0.942921,1.871494,3.279939,0.864299,1.016702,0.855652,0.906818
sx1280_812k_los,SX1280,LOS,812000,6.0,50.0,300,-0.111371,-0.136816,0.811819,1.563678,2.657720,0.747091,0.877802,0.765303,0.810854
sx1280_812k_nlos,SX1280,NLOS,812000,-12.0,1000.0,1200,0.248108,-0.055912,9.474502,16.783883,73.127474,8.734937,10.367468,8.692582,8.911267
sx1280_812k_nlos,SX1280,NLOS,812000,-12.0,250.0,1200,0.241365,-0.030661,8.804980,16.672795,56.654928,8.213040,9.436762,8.334515,8.524420
sx1280_812k_nlos,SX1280,NLOS,812000,-12.0,3000.0,1200,0.071413,0.120759,10.714599,15.771773,162.175839,8.766003,13.075796,8.758089,12.076690
sx1280_812k_nlos,SX1280,NLOS,812000,-12.0,400.0,1200,0.307767,0.182110,9.357602,17.672419,62.401224,8.597985,10.131515,10.575265,9.991636
sx1280_812k_nlos,SX1280,NLOS,812000,-12.0,50.0,1200,0.340038,0.276281,10.150523,17.209768,101.261627,8.921346,11.502188,9.724282,9.868048
sx1280_812k_nlos,SX1280,NLOS,812000,-20.0,1000.0,1200,0.517231,0.462393,19.621428,37.460806,109.144337,18.786490,20.526699,18.779625,19.729445
sx1280_812k_nlos,SX1280,NLOS,812000,-20.0,250.0,1200,-0.928913,-0.533979,19.362244,37.315704,113.191235,18.383626,20.505419,20.473624,20.408371
sx1280_812k_nlos,SX1280,NLOS,812000,-20.0,3000.0,1200,-0.010636,-0.033108,17.800839,34.038261,114.347015,16.699050,18.929263,17.756677,18.112907
sx1280_812k_nlos,SX1280,NLOS,812000,-20.0,400.0,1200,0.409963,0.958341,18.551428,35.159880,78.995020,17.656812,19.370506,18.107567,18.671758
sx1280_812k_nlos,SX1280,NLOS,812000,-20.0,50.0,1200,-0.672412,-0.675797,19.938642,38.137011,172.257452,18.313001,21.853285,18.383895,18.282499
sx1280_812k_nlos,SX1280,NLOS,812000,-6.0,1000.0,1200,-0.034609,0.069281,8.850442,10.206548,120.134088,6.934285,11.167385,7.997198,9.641594
sx1280_812k_nlos,SX1280,NLOS,812000,-6.0,250.0,1200,-0.030749,-0.038182,6.547894,9.819767,57.736489,5.839504,7.316217,6.817881,6.527305
sx1280_812k_nlos,SX1280,NLOS,812000,-6.0,3000.0,1200,0.130284,0.166138,7.304711,8.753662,94.837596,6.049064,8.759683,5.946839,7.520560
sx1280_812k_nlos,SX1280,NLOS,812000,-6.0,400.0,1200,-0.043714,0.013555,7.956556,11.398522,117.656343,6.488070,9.631263,7.468815,7.639288
sx1280_812k_nlos,SX1280,NLOS,812000,-6.0,50.0,1200,0.102332,0.093462,8.576116,9.397103,156.239089,6.205486,11.134497,6.110080,6.381090
sx1280_812k_nlos,SX1280,NLOS,812000,0.0,1000.0,1200,0.341032,0.097063,6.990550,13.308901,67.197830,5.960668,8.201779,7.205784,7.602248
sx1280_812k_nlos,SX1280,NLOS,812000,0.0,250.0,1200,-0.193294,-0.041765,7.982968,12.370125,100.951076,6.247782,9.712138,7.789921,9.022896
sx1280_812k_nlos,SX1280,NLOS,812000,0.0,3000.0,1200,-0.049392,0.093473,6.878978,5.559568,74.150383,5.597525,8.279705,8.063166,7.247975
sx1280_812k_nlos,SX1280,NLOS,812000,0.0,400.0,1200,-0.001652,0.018928,7.540654,6.350541,112.184912,5.947315,9.148661,8.982886,7.700576
sx1280_812k_nlos,SX1280,NLOS,812000,0.0,50.0,1200,-0.188456,-0.029494,6.662232,6.721304,99.171899,5.092299,8.225071,6.074304,6.086086
sx1280_812k_nlos,SX1280,NLOS,812000,12.0,1000.0,1200,-0.193922,0.061140,6.762804,5.273430,90.905754,5.223237,8.199357,6.442886,6.992701
sx1280_812k_nlos,SX1280,NLOS,812000,12.0,250.0,1200,-0.318942,-0.056874,7.773100,9.542400,111.171894,5.944611,9.324961,8.127771,7.221758
sx1280_812k_nlos,SX1280,NLOS,812000,12.0,3000.0,1200,-0.077605,0.009461,6.973174,4.898854,114.326626,4.998082,9.052687,3.724483,7.508079
sx1280_812k_nlos,SX1280,NLOS,812000,12.0,400.0,1200,0.200718,0.088225,6.289211,7.466730,90.599194,4.723332,7.728396,6.370937,5.767507
sx1280_812k_nlos,SX1280,NLOS,812000,12.0,50.0,1200,0.292195,-0.005442,7.519914,14.042675,93.205315,5.940036,9.096246,7.396159,6.952687
sx1280_812k_nlos,SX1280,NLOS,812000,18.0,1000.0,1200,0.166027,0.091197,6.182499,11.037857,60.424031,5.080126,7.087427,6.093457,6.706074
sx1280_812k_nlos,SX1280,NLOS,812000,18.0,250.0,1200,-0.499404,-0.054300,7.772717,9.925642,113.845915,5.748309,9.742279,11.348951,9.041636
sx1280_812k_nlos,SX1280,NLOS,812000,18.0,3000.0,1200,0.251113,-0.000319,6.398855,7.000710,90.915995,4.815517,7.974913,6.194543,5.183695
sx1280_812k_nlos,SX1280,NLOS,812000,18.0,400.0,1200,-0.014782,0.081303,7.852103,12.171347,103.916980,6.081001,9.671681,4.558901,8.359747
sx1280_812k_nlos,SX1280,NLOS,812000,18.0,50.0,1200,0.386466,-0.025225,4.561789,5.378550,41.480543,3.739076,5.309667,5.139247,4.128287
sx1280_812k_nlos,SX1280,NLOS,812000,25.0,1000.0,1200,0.255592,0.089392,6.176324,4.894697,83.956195,4.711521,7.669483,6.143888,5.568132
sx1280_812k_nlos,SX1280,NLOS,812000,25.0,250.0,1200,-0.053873,-0.048053,5.534923,5.861387,68.734591,4.499540,6.679255,6.770881,5.544325
sx1280_812k_nlos,SX1280,NLOS,812000,25.0,3000.0,1200,-0.337891,-0.000423,8.962756,10.802018,121.465824,6.452933,11.294528,10.953005,10.262262
sx1280_812k_nlos,SX1280,NLOS,812000,25.0,400.0,1200,-0.116384,0.082646,7.261787,10.666372,105.965228,5.789524,8.817669,4.963250,5.577682
sx1280_812k_nlos,SX1280,NLOS,812000,25.0,50.0,1200,-0.058424,-0.034956,7.151023,12.890806,64.467244,5.930480,8.358143,7.078252,6.793761
sx1280_812k_nlos,SX1280,NLOS,812000,6.0,1000.0,1200,-0.236396,0.077420,8.309015,9.074450,124.365826,6.021690,10.343874,4.968804,8.673306
sx1280_812k_nlos,SX1280,NLOS,812000,6.0,250.0,1200,0.169655,0.000550,6.917399,9.803041,124.502106,5.048457,8.993844,7.005027,7.972106
sx1280_812k_nlos,SX1280,NLOS,812000,6.0,3000.0,1200,-0.243675,0.037387,6.930089,8.091795,81.839448,5.443141,8.343998,8.214937,6.753221
sx1280_812k_nlos,SX1280,NLOS,812000,6.0,400.0,1200,0.182513,0.112837,6.022557,6.998431,72.511395,4.675717,7.427068,4.862046,5.824008
sx1280_812k_nlos,SX1280,NLOS,812000,6.0,50.0,1200,0.093412,-0.024033,10.282459,10.327806,283.964745,5.453353,15.800663,5.446205,5.177860
uwb_tunnel,DWM3000,TUNNEL,499200000,10.0,150.0,3000,-0.132439,-0.163826,0.558978,0.539167,18.227889,0.392283,0.769236,0.533322,0.678230
uwb_tunnel,DWM3000,TUNNEL,499200000,10.0,30.0,3000,-0.140766,-0.197915,0.495373,0.627835,15.040934,0.379506,0.686917,0.410262,0.422314
uwb_tunnel,DWM3000,TUNNEL,499200000,10.0,75.0,3000,-0.141289,-0.156981,0.449052,0.607390,11.803721,0.367890,0.555581,0.585178,0.489519
uwb_tunnel,DWM3000,TUNNEL,499200000,15.0,150.0,3000,-0.431474,-0.539167,0.351486,0.614235,3.289313,0.312814,0.386670,0.401252,0.380673
uwb_tunnel,DWM3000,TUNNEL,499200000,15.0,30.0,3000,-0.420981,-0.498188,0.374754,0.573256,7.308907,0.315089,0.440498,0.469337,0.393588
uwb_tunnel,DWM3000,TUNNEL,499200000,15.0,75.0,3000,-0.443566,-0.532322,0.343184,0.607390,8.851206,0.268925,0.433184,0.276905,0.314003
uwb_tunnel,DWM3000,TUNNEL,499200000,20.0,150.0,3000,-0.488255,-0.539167,0.258377,0.614235,2.388494,0.221081,0.292680,0.268378,0.289748
uwb_tunnel,DWM3000,TUNNEL,499200000,20.0,30.0,3000,-0.460279,-0.498188,0.523003,0.573256,18.944482,0.307773,0.764455,0.354311,0.455395
uwb_tunnel,DWM3000,TUNNEL,499200000,20.0,75.0,3000,-0.468560,-0.532322,0.363828,0.607390,9.151479,0.292143,0.452661,0.473108,0.375985
uwb_tunnel,DWM3000,TUNNEL,499200000,25.0,150.0,3000,-0.495015,-0.539167,0.245397,0.614235,3.139176,0.206664,0.283159,0.250410,0.252012
uwb_tunnel,DWM3000,TUNNEL,499200000,25.0,30.0,3000,-0.467306,-0.498188,0.351875,0.573256,7.909453,0.285534,0.433450,0.349476,0.331212
uwb_tunnel,DWM3000,TUNNEL,499200000,25.0,75.0,3000,-0.486663,-0.532322,0.254050,0.607390,2.695611,0.221893,0.288522,0.288126,0.273985
uwb_tunnel,DWM3000,TUNNEL,499200000,5.0,150.0,3000,-0.332117,-0.003864,8.020406,1.723793,133.935400,5.537642,9.978709,5.196743,7.129810
uwb_tunnel,DWM3000,TUNNEL,499200000,5.0,30.0,3000,0.207492,0.027289,1.822264,1.603722,36.530935,1.287376,2.314374,2.071886,1.740449
uwb_tunnel,DWM3000,TUNNEL,499200000,5.0,75.0,3000,0.174598,-0.004462,2.503064,1.815551,66.217018,1.728464,3.301733,2.218005,2.094422
